0.00000, 8565401
5035.40039, 8514906
10070.80078, 8514334
15106.20117, 8516202
20141.60156, 8515840
25177.00195, 8515154
30212.40234, 8515040
35247.80273, 8514392
40283.20312, 8514506
45318.60352, 8515974
50354.00391, 8516221
55389.40430, 8514201
60424.80469, 8514449
65460.20508, 8516012
70495.60547, 8515268
75531.00586, 8515326
80566.40625, 8516450
85601.80664, 8516202
90637.20703, 8515707
95672.60742, 8517079
100708.00781, 8516660
105743.40820, 8516507
110778.80859, 8515154
115814.20898, 8515192
120849.60938, 8515840
125885.00977, 8515478
130920.41016, 8515402
135955.81055, 8515707
140991.21094, 8514849
146026.61133, 8514658
151062.01172, 8515154
156097.41211, 8514620
161132.81250, 8513648
166168.21289, 8513763
171203.61328, 8513953
176239.01367, 8513515
181274.41406, 8514620
186309.81445, 8515021
191345.21484, 8515002
196380.61523, 8515688
201416.01562, 8515745
206451.41602, 8514601
211486.81641, 8514944
216522.21680, 8515688
221557.61719, 8513972
226593.01758, 8514087
231628.41797, 8513858
236663.81836, 8513686
241699.21875, 8515459
246734.61914, 8516164
251770.01953, 8515078
256805.41992, 8514525
261840.82031, 8516298
266876.22070, 8515154
271911.62109, 8514868
276947.02148, 8515688
281982.42188, 8514392
287017.82227, 8514353
292053.22266, 8513324
297088.62305, 8514716
302124.02344, 8515764
307159.42383, 8515631
312194.82422, 8515345
317230.22461, 8514353
322265.62500, 8516641
327301.02539, 8513820
332336.42578, 8514639
337371.82617, 8515135
342407.22656, 8515287
347442.62695, 8515650
352478.02734, 8515173
357513.42773, 8516507
362548.82812, 8515554
367584.22852, 8515669
372619.62891, 8516069
377655.02930, 8517098
382690.42969, 8515707
387725.83008, 8516889
392761.23047, 8517308
397796.63086, 8517079
402832.03125, 8516069
407867.43164, 8516088
412902.83203, 8514392
417938.23242, 8516793
422973.63281, 8516431
428009.03320, 8516012
433044.43359, 8514582
438079.83398, 8513858
443115.23438, 8515040
448150.63477, 8513972
453186.03516, 8513972
458221.43555, 8515726
463256.83594, 8513743
468292.23633, 8514487
473327.63672, 8512924
478363.03711, 8515059
483398.43750, 8514087
488433.83789, 8514525
493469.23828, 8514353
498504.63867, 8515059
503540.03906, 8514010
508575.43945, 8512867
513610.83984, 8514468
518646.24023, 8515878
523681.64062, 8514220
528717.04102, 8515840
533752.44141, 8515707
538787.84180, 8516622
543823.24219, 8515859
548858.64258, 8514144
553894.04297, 8514830
558929.44336, 8513572
563964.84375, 8513858
569000.24414, 8514468
574035.64453, 8514658
579071.04492, 8515040
584106.44531, 8513553
589141.84570, 8513648
594177.24609, 8511570
599212.64648, 8514163
604248.04688, 8513458
609283.44727, 8513763
614318.84766, 8515173
619354.24805, 8515211
624389.64844, 8514277
629425.04883, 8514163
634460.44922, 8513896
639495.84961, 8513972
644531.25000, 8515974
649566.65039, 8515497
654602.05078, 8514144
659637.45117, 8514220
664672.85156, 8514906
669708.25195, 8513515
674743.65234, 8514029
679779.05273, 8514468
684814.45312, 8515573
689849.85352, 8514830
694885.25391, 8514925
699920.65430, 8513667
704956.05469, 8515573
709991.45508, 8515650
715026.85547, 8515135
720062.25586, 8516145
725097.65625, 8516984
730133.05664, 8516679
735168.45703, 8518661
740203.85742, 8516679
745239.25781, 8516889
750274.65820, 8517194
755310.05859, 8516908
760345.45898, 8516774
765380.85938, 8515669
770416.25977, 8516679
775451.66016, 8518547
780487.06055, 8518966
785522.46094, 8516202
790557.86133, 8517022
795593.26172, 8517670
800628.66211, 8517461
805664.06250, 8519157
810699.46289, 8518890
815734.86328, 8518204
820770.26367, 8517022
825805.66406, 8517346
830841.06445, 8517232
835876.46484, 8519367
840911.86523, 8516793
845947.26562, 8518166
850982.66602, 8517022
856018.06641, 8515802
861053.46680, 8516793
866088.86719, 8515040
871124.26758, 8516889
876159.66797, 8515592
881195.06836, 8514792
886230.46875, 8514544
891265.86914, 8514525
896301.26953, 8515345
901336.66992, 8514334
906372.07031, 8515211
911407.47070, 8515440
916442.87109, 8514277
921478.27148, 8514315
926513.67188, 8515421
931549.07227, 8516260
936584.47266, 8516088
941619.87305, 8515631
946655.27344, 8515897
951690.67383, 8515116
956726.07422, 8516812
961761.47461, 8516526
966796.87500, 8517346
971832.27539, 8514258
976867.67578, 8516317
981903.07617, 8516221
986938.47656, 8517480
991973.87695, 8518566
997009.27734, 8518375
1002044.67773, 8517765
1007080.07812, 8519100
1012115.47852, 8517632
1017150.87891, 8519195
1022186.27930, 8516164
1027221.67969, 8518261
1032257.08008, 8517994
1037292.48047, 8519748
1042327.88086, 8517861
1047363.28125, 8518109
1052398.68164, 8517956
1057434.08203, 8517651
1062469.48242, 8518661
1067504.88281, 8518642
1072540.28320, 8519157
1077575.68359, 8519767
1082611.08398, 8517765
1087646.48438, 8518700
1092681.88477, 8519024
1097717.28516, 8517461
1102752.68555, 8518680
1107788.08594, 8518757
1112823.48633, 8518680
1117858.88672, 8518547
1122894.28711, 8517270
1127929.68750, 8517689
1132965.08789, 8518318
1138000.48828, 8518566
1143035.88867, 8520186
1148071.28906, 8519367
1153106.68945, 8519805
1158142.08984, 8517537
1163177.49023, 8519576
1168212.89062, 8519500
1173248.29102, 8518242
1178283.69141, 8518090
1183319.09180, 8518414
1188354.49219, 8518814
1193389.89258, 8517746
1198425.29297, 8517384
1203460.69336, 8517632
1208496.09375, 8517461
1213531.49414, 8516031
1218566.89453, 8518452
1223602.29492, 8516812
1228637.69531, 8516183
1233673.09570, 8516031
1238708.49609, 8515173
1243743.89648, 8513095
1248779.29688, 8514296
1253814.69727, 8515554
1258850.09766, 8514792
1263885.49805, 8515592
1268920.89844, 8515307
1273956.29883, 8515955
1278991.69922, 8516202
1284027.09961, 8517136
1289062.50000, 8517708
1294097.90039, 8516279
1299133.30078, 8519005
1304168.70117, 8519081
1309204.10156, 8519081
1314239.50195, 8518013
1319274.90234, 8517823
1324310.30273, 8517422
1329345.70312, 8518166
1334381.10352, 8519081
1339416.50391, 8518490
1344451.90430, 8518433
1349487.30469, 8517060
1354522.70508, 8517518
1359558.10547, 8516831
1364593.50586, 8517575
1369628.90625, 8516526
1374664.30664, 8515307
1379699.70703, 8515974
1384735.10742, 8516584
1389770.50781, 8516717
1394805.90820, 8516565
1399841.30859, 8515307
1404876.70898, 8515936
1409912.10938, 8516546
1414947.50977, 8516698
1419982.91016, 8516717
1425018.31055, 8518109
1430053.71094, 8517861
1435089.11133, 8516031
1440124.51172, 8515631
1445159.91211, 8514544
1450195.31250, 8515478
1455230.71289, 8515440
1460266.11328, 8514563
1465301.51367, 8513724
1470336.91406, 8515669
1475372.31445, 8515268
1480407.71484, 8514697
1485443.11523, 8513057
1490478.51562, 8515040
1495513.91602, 8514010
1500549.31641, 8513820
1505584.71680, 8514239
1510620.11719, 8513191
1515655.51758, 8512276
1520690.91797, 8513076
1525726.31836, 8514639
1530761.71875, 8513095
1535797.11914, 8514677
1540832.51953, 8514792
1545867.91992, 8516393
1550903.32031, 8515974
1555938.72070, 8515650
1560974.12109, 8515002
1566009.52148, 8514430
1571044.92188, 8515345
1576080.32227, 8515917
1581115.72266, 8516546
1586151.12305, 8515440
1591186.52344, 8516260
1596221.92383, 8515573
1601257.32422, 8515345
1606292.72461, 8515745
1611328.12500, 8516260
1616363.52539, 8516927
1621398.92578, 8517632
1626434.32617, 8516698
1631469.72656, 8516851
1636505.12695, 8515917
1641540.52734, 8516221
1646575.92773, 8515326
1651611.32812, 8516412
1656646.72852, 8515535
1661682.12891, 8516393
1666717.52930, 8513991
1671752.92969, 8515688
1676788.33008, 8514068
1681823.73047, 8515745
1686859.13086, 8513801
1691894.53125, 8514620
1696929.93164, 8513477
1701965.33203, 8514010
1707000.73242, 8514677
1712036.13281, 8514754
1717071.53320, 8514334
1722106.93359, 8514411
1727142.33398, 8514677
1732177.73438, 8515002
1737213.13477, 8513991
1742248.53516, 8513572
1747283.93555, 8513953
1752319.33594, 8515287
1757354.73633, 8512390
1762390.13672, 8514773
1767425.53711, 8513724
1772460.93750, 8512714
1777496.33789, 8514468
1782531.73828, 8514201
1787567.13867, 8514296
1792602.53906, 8515040
1797637.93945, 8515192
1802673.33984, 8515383
1807708.74023, 8515116
1812744.14062, 8515516
1817779.54102, 8514658
1822814.94141, 8513534
1827850.34180, 8512314
1832885.74219, 8513438
1837921.14258, 8515021
1842956.54297, 8514048
1847991.94336, 8514068
1853027.34375, 8513648
1858062.74414, 8513801
1863098.14453, 8512524
1868133.54492, 8513191
1873168.94531, 8513419
1878204.34570, 8513324
1883239.74609, 8513915
1888275.14648, 8514487
1893310.54688, 8514220
1898345.94727, 8513153
1903381.34766, 8511761
1908416.74805, 8512848
1913452.14844, 8514182
1918487.54883, 8513686
1923522.94922, 8514029
1928558.34961, 8515192
1933593.75000, 8514544
1938629.15039, 8514716
1943664.55078, 8514601
1948699.95117, 8513820
1953735.35156, 8513648
1958770.75195, 8511704
1963806.15234, 8512695
1968841.55273, 8512295
1973876.95312, 8512962
1978912.35352, 8513057
1983947.75391, 8513629
1988983.15430, 8514639
1994018.55469, 8513438
1999053.95508, 8514106
2004089.35547, 8514773
2009124.75586, 8514506
2014160.15625, 8514735
2019195.55664, 8515040
2024230.95703, 8515402
2029266.35742, 8514563
2034301.75781, 8514887
2039337.15820, 8514125
2044372.55859, 8515230
2049407.95898, 8515535
2054443.35938, 8514925
2059478.75977, 8516946
2064514.16016, 8516774
2069549.56055, 8515974
2074584.96094, 8515249
2079620.36133, 8515383
2084655.76172, 8515135
2089691.16211, 8515821
2094726.56250, 8514677
2099761.96289, 8515383
2104797.36328, 8514468
2109832.76367, 8516870
2114868.16406, 8515897
2119903.56445, 8515936
2124938.96484, 8514487
2129974.36523, 8516241
2135009.76562, 8514563
2140045.16602, 8513591
2145080.56641, 8515211
2150115.96680, 8514125
2155151.36719, 8515078
2160186.76758, 8514792
2165222.16797, 8515268
2170257.56836, 8516050
2175292.96875, 8516298
2180328.36914, 8514392
2185363.76953, 8515554
2190399.16992, 8514315
2195434.57031, 8514125
2200469.97070, 8513438
2205505.37109, 8515612
2210540.77148, 8514487
2215576.17188, 8515821
2220611.57227, 8514334
2225646.97266, 8515097
2230682.37305, 8513705
2235717.77344, 8514125
2240753.17383, 8513324
2245788.57422, 8513724
2250823.97461, 8513496
2255859.37500, 8515021
2260894.77539, 8516088
2265930.17578, 8514582
2270965.57617, 8514163
2276000.97656, 8514620
2281036.37695, 8514773
2286071.77734, 8515097
2291107.17773, 8515364
2296142.57812, 8515345
2301177.97852, 8515268
2306213.37891, 8515192
2311248.77930, 8515135
2316284.17969, 8515783
2321319.58008, 8514716
2326354.98047, 8514716
2331390.38086, 8513438
2336425.78125, 8513477
2341461.18164, 8512676
2346496.58203, 8514582
2351531.98242, 8513801
2356567.38281, 8513648
2361602.78320, 8513743
2366638.18359, 8513782
2371673.58398, 8513572
2376708.98438, 8515135
2381744.38477, 8514048
2386779.78516, 8513400
2391815.18555, 8512352
2396850.58594, 8514601
2401885.98633, 8512524
2406921.38672, 8512219
2411956.78711, 8511914
2416992.18750, 8512581
2422027.58789, 8511990
2427062.98828, 8513496
2432098.38867, 8513210
2437133.78906, 8512543
2442169.18945, 8514258
2447204.58984, 8513000
2452239.99023, 8512581
2457275.39062, 8513153
2462310.79102, 8513743
2467346.19141, 8512619
2472381.59180, 8512809
2477416.99219, 8512504
2482452.39258, 8512104
2487487.79297, 8511914
2492523.19336, 8511551
2497558.59375, 8512409
2502593.99414, 8512180
2507629.39453, 8512485
2512664.79492, 8512981
2517700.19531, 8513629
2522735.59570, 8514277
2527770.99609, 8513229
2532806.39648, 8513229
2537841.79688, 8512371
2542877.19727, 8511094
2547912.59766, 8511589
2552947.99805, 8510084
2557983.39844, 8511285
2563018.79883, 8512581
2568054.19922, 8515173
2573089.59961, 8513400
2578125.00000, 8514658
2583160.40039, 8515154
2588195.80078, 8515917
2593231.20117, 8515936
2598266.60156, 8516698
2603302.00195, 8515173
2608337.40234, 8514982
2613372.80273, 8515097
2618408.20312, 8514620
2623443.60352, 8514773
2628479.00391, 8515097
2633514.40430, 8514277
2638549.80469, 8514087
2643585.20508, 8514430
2648620.60547, 8514334
2653656.00586, 8513953
2658691.40625, 8513972
2663726.80664, 8513553
2668762.20703, 8513095
2673797.60742, 8513324
2678833.00781, 8513172
2683868.40820, 8512924
2688903.80859, 8513248
2693939.20898, 8513724
2698974.60938, 8513743
2704010.00977, 8512028
2709045.41016, 8512085
2714080.81055, 8512638
2719116.21094, 8512790
2724151.61133, 8514087
2729187.01172, 8512600
2734222.41211, 8513477
2739257.81250, 8514087
2744293.21289, 8514296
2749328.61328, 8514563
2754364.01367, 8514716
2759399.41406, 8516088
2764434.81445, 8514716
2769470.21484, 8516202
2774505.61523, 8514868
2779541.01562, 8515021
2784576.41602, 8514849
2789611.81641, 8514563
2794647.21680, 8516202
2799682.61719, 8515440
2804718.01758, 8514982
2809753.41797, 8515497
2814788.81836, 8513839
2819824.21875, 8514735
2824859.61914, 8516507
2829895.01953, 8515917
2834930.41992, 8516126
2839965.82031, 8514868
2845001.22070, 8514334
2850036.62109, 8514601
2855072.02148, 8515230
2860107.42188, 8516965
2865142.82227, 8516298
2870178.22266, 8516126
2875213.62305, 8516221
2880249.02344, 8516107
2885284.42383, 8514582
2890319.82422, 8515535
2895355.22461, 8515707
2900390.62500, 8515249
2905426.02539, 8515726
2910461.42578, 8514773
2915496.82617, 8512790
2920532.22656, 8514830
2925567.62695, 8514982
2930603.02734, 8515326
2935638.42773, 8515688
2940673.82812, 8514048
2945709.22852, 8514353
2950744.62891, 8512390
2955780.02930, 8512790
2960815.42969, 8513610
2965850.83008, 8513305
2970886.23047, 8513953
2975921.63086, 8513877
2980957.03125, 8514373
2985992.43164, 8512695
2991027.83203, 8513153
2996063.23242, 8513610
3001098.63281, 8513000
3006134.03320, 8511227
3011169.43359, 8513343
3016204.83398, 8513896
3021240.23438, 8513572
3026275.63477, 8513839
3031311.03516, 8513229
3036346.43555, 8512409
3041381.83594, 8512028
3046417.23633, 8512619
3051452.63672, 8512600
3056488.03711, 8511799
3061523.43750, 8511456
3066558.83789, 8511494
3071594.23828, 8511589
3076629.63867, 8510789
3081665.03906, 8511837
3086700.43945, 8512829
3091735.83984, 8513648
3096771.24023, 8513953
3101806.64062, 8513572
3106842.04102, 8513896
3111877.44141, 8513686
3116912.84180, 8513324
3121948.24219, 8515116
3126983.64258, 8515554
3132019.04297, 8515974
3137054.44336, 8514334
3142089.84375, 8515497
3147125.24414, 8514925
3152160.64453, 8514220
3157196.04492, 8513324
3162231.44531, 8511494
3167266.84570, 8513114
3172302.24609, 8512142
3177337.64648, 8512829
3182373.04688, 8511361
3187408.44727, 8512600
3192443.84766, 8513114
3197479.24805, 8512924
3202514.64844, 8513305
3207550.04883, 8513953
3212585.44922, 8513820
3217620.84961, 8514411
3222656.25000, 8514239
3227691.65039, 8514353
3232727.05078, 8514735
3237762.45117, 8514639
3242797.85156, 8515917
3247833.25195, 8515287
3252868.65234, 8514830
3257904.05273, 8516774
3262939.45312, 8513705
3267974.85352, 8515554
3273010.25391, 8513343
3278045.65430, 8514029
3283081.05469, 8513477
3288116.45508, 8511875
3293151.85547, 8513610
3298187.25586, 8513782
3303222.65625, 8512276
3308258.05664, 8513076
3313293.45703, 8512466
3318328.85742, 8512695
3323364.25781, 8513229
3328399.65820, 8512085
3333435.05859, 8512924
3338470.45898, 8514277
3343505.85938, 8514601
3348541.25977, 8515040
3353576.66016, 8514430
3358612.06055, 8514658
3363647.46094, 8513153
3368682.86133, 8513896
3373718.26172, 8513038
3378753.66211, 8513743
3383789.06250, 8513438
3388824.46289, 8514868
3393859.86328, 8513686
3398895.26367, 8514658
3403930.66406, 8515364
3408966.06445, 8512981
3414001.46484, 8513839
3419036.86523, 8514048
3424072.26562, 8513267
3429107.66602, 8513210
3434143.06641, 8513057
3439178.46680, 8512028
3444213.86719, 8510617
3449249.26758, 8512009
3454284.66797, 8511856
3459320.06836, 8512104
3464355.46875, 8512543
3469390.86914, 8514963
3474426.26953, 8513267
3479461.66992, 8513515
3484497.07031, 8513686
3489532.47070, 8512066
3494567.87109, 8512543
3499603.27148, 8513305
3504638.67188, 8512981
3509674.07227, 8513381
3514709.47266, 8513153
3519744.87305, 8512733
3524780.27344, 8512638
3529815.67383, 8513496
3534851.07422, 8513229
3539886.47461, 8514887
3544921.87500, 8514944
3549957.27539, 8515021
3554992.67578, 8515192
3560028.07617, 8514716
3565063.47656, 8513114
3570098.87695, 8514068
3575134.27734, 8512733
3580169.67773, 8513114
3585205.07812, 8512752
3590240.47852, 8514087
3595275.87891, 8515059
3600311.27930, 8516622
3605346.67969, 8514239
3610382.08008, 8513305
3615417.48047, 8514582
3620452.88086, 8513172
3625488.28125, 8513305
3630523.68164, 8512867
3635559.08203, 8512314
3640594.48242, 8512924
3645629.88281, 8511971
3650665.28320, 8512085
3655700.68359, 8510026
3660736.08398, 8511742
3665771.48438, 8512199
3670806.88477, 8512752
3675842.28516, 8514144
3680877.68555, 8512543
3685913.08594, 8511475
3690948.48633, 8512219
3695983.88672, 8514010
3701019.28711, 8514029
3706054.68750, 8514258
3711090.08789, 8514773
3716125.48828, 8514163
3721160.88867, 8513133
3726196.28906, 8513877
3731231.68945, 8514239
3736267.08984, 8513724
3741302.49023, 8512638
3746337.89062, 8513438
3751373.29102, 8511456
3756408.69141, 8513877
3761444.09180, 8513515
3766479.49219, 8514125
3771514.89258, 8516260
3776550.29297, 8512924
3781585.69336, 8513057
3786621.09375, 8513419
3791656.49414, 8513438
3796691.89453, 8513248
3801727.29492, 8512771
3806762.69531, 8513458
3811798.09570, 8513114
3816833.49609, 8512104
3821868.89648, 8512314
3826904.29688, 8512924
3831939.69727, 8512085
3836975.09766, 8513953
3842010.49805, 8513553
3847045.89844, 8513972
3852081.29883, 8512981
3857116.69922, 8514373
3862152.09961, 8514411
3867187.50000, 8515078
3872222.90039, 8512524
3877258.30078, 8514830
3882293.70117, 8513286
3887329.10156, 8512886
3892364.50195, 8514353
3897399.90234, 8512142
3902435.30273, 8512619
3907470.70312, 8513229
3912506.10352, 8512905
3917541.50391, 8512504
3922576.90430, 8511971
3927612.30469, 8510312
3932647.70508, 8511799
3937683.10547, 8510236
3942718.50586, 8511170
3947753.90625, 8511189
3952789.30664, 8512333
3957824.70703, 8510598
3962860.10742, 8511437
3967895.50781, 8510331
3972930.90820, 8511685
3977966.30859, 8511856
3983001.70898, 8512085
3988037.10938, 8512676
3993072.50977, 8510980
3998107.91016, 8511208
4003143.31055, 8511952
4008178.71094, 8510827
4013214.11133, 8511113
4018249.51172, 8510846
4023284.91211, 8512695
4028320.31250, 8512257
4033355.71289, 8510370
4038391.11328, 8510827
4043426.51367, 8510541
4048461.91406, 8510217
4053497.31445, 8510331
4058532.71484, 8510770
4063568.11523, 8511018
4068603.51562, 8513114
4073638.91602, 8512409
4078674.31641, 8512771
4083709.71680, 8512524
4088745.11719, 8513705
4093780.51758, 8513820
4098815.91797, 8513915
4103851.31836, 8513686
4108886.71875, 8512981
4113922.11914, 8512695
4118957.51953, 8513076
4123992.91992, 8513076
4129028.32031, 8513095
4134063.72070, 8512638
4139099.12109, 8512504
4144134.52148, 8511780
4149169.92188, 8512695
4154205.32227, 8513191
4159240.72266, 8513381
4164276.12305, 8512047
4169311.52344, 8512104
4174346.92383, 8511113
4179382.32422, 8511456
4184417.72461, 8510160
4189453.12500, 8510675
4194488.52539, 8512390
4199523.92578, 8512123
4204559.32617, 8512314
4209594.72656, 8512600
4214630.12695, 8511304
4219665.52734, 8511628
4224700.92773, 8511685
4229736.32812, 8509721
4234771.72852, 8511361
4239807.12891, 8511761
4244842.52930, 8511589
4249877.92969, 8510980
4254913.33008, 8511361
4259948.73047, 8510522
4264984.13086, 8511246
4270019.53125, 8510103
4275054.93164, 8511056
4280090.33203, 8511132
4285125.73242, 8512371
4290161.13281, 8512390
4295196.53320, 8512333
4300231.93359, 8512524
4305267.33398, 8512085
4310302.73438, 8512485
4315338.13477, 8513286
4320373.53516, 8513858
4325408.93555, 8512771
4330444.33594, 8513210
4335479.73633, 8512962
4340515.13672, 8515059
4345550.53711, 8513210
4350585.93750, 8512504
4355621.33789, 8514563
4360656.73828, 8511742
4365692.13867, 8512790
4370727.53906, 8514773
4375762.93945, 8514963
4380798.33984, 8513057
4385833.74023, 8512638
4390869.14062, 8515211
4395904.54102, 8513362
4400939.94141, 8513038
4405975.34180, 8513648
4411010.74219, 8514029
4416046.14258, 8512161
4421081.54297, 8513991
4426116.94336, 8512066
4431152.34375, 8512562
4436187.74414, 8512199
4441223.14453, 8512981
4446258.54492, 8512829
4451293.94531, 8511399
4456329.34570, 8512981
4461364.74609, 8510655
4466400.14648, 8511018
4471435.54688, 8511132
4476470.94727, 8511056
4481506.34766, 8509836
4486541.74805, 8510522
4491577.14844, 8511227
4496612.54883, 8511609
4501647.94922, 8510980
4506683.34961, 8511704
4511718.75000, 8511837
4516754.15039, 8511208
4521789.55078, 8512142
4526824.95117, 8512543
4531860.35156, 8511933
4536895.75195, 8514029
4541931.15234, 8512886
4546966.55273, 8512867
4552001.95312, 8511094
4557037.35352, 8511170
4562072.75391, 8510960
4567108.15430, 8511475
4572143.55469, 8511170
4577178.95508, 8510541
4582214.35547, 8511208
4587249.75586, 8510312
4592285.15625, 8512219
4597320.55664, 8511551
4602355.95703, 8512180
4607391.35742, 8513114
4612426.75781, 8508959
4617462.15820, 8513000
4622497.55859, 8511914
4627532.95898, 8515059
4632568.35938, 8514029
4637603.75977, 8513477
4642639.16016, 8512524
4647674.56055, 8513305
4652709.96094, 8512371
4657745.36133, 8511971
4662780.76172, 8511246
4667816.16211, 8513114
4672851.56250, 8511914
4677886.96289, 8512695
4682922.36328, 8510331
4687957.76367, 8510922
4692993.16406, 8510217
4698028.56445, 8510484
4703063.96484, 8509245
4708099.36523, 8509893
4713134.76562, 8508940
4718170.16602, 8509798
4723205.56641, 8509874
4728240.96680, 8509397
4733276.36719, 8510427
4738311.76758, 8510789
4743347.16797, 8511132
4748382.56836, 8509855
4753417.96875, 8509092
4758453.36914, 8508692
4763488.76953, 8510236
4768524.16992, 8510541
4773559.57031, 8510427
4778594.97070, 8510865
4783630.37109, 8509340
4788665.77148, 8509131
4793701.17188, 8509950
4798736.57227, 8510007
4803771.97266, 8510007
4808807.37305, 8508749
4813842.77344, 8509645
4818878.17383, 8509150
4823913.57422, 8509054
4828948.97461, 8510465
4833984.37500, 8511799
4839019.77539, 8510541
4844055.17578, 8510827
4849090.57617, 8509226
4854125.97656, 8510255
4859161.37695, 8510255
4864196.77734, 8511380
4869232.17773, 8511075
4874267.57812, 8510846
4879302.97852, 8510560
4884338.37891, 8512161
4889373.77930, 8512047
4894409.17969, 8512504
4899444.58008, 8512371
4904479.98047, 8512066
4909515.38086, 8512104
4914550.78125, 8510427
4919586.18164, 8509645
4924621.58203, 8509264
4929656.98242, 8509150
4934692.38281, 8508921
4939727.78320, 8510331
4944763.18359, 8508120
4949798.58398, 8507834
4954833.98438, 8507834
4959869.38477, 8509779
4964904.78516, 8509131
4969940.18555, 8509321
4974975.58594, 8509474
4980010.98633, 8509378
4985046.38672, 8509245
4990081.78711, 8508635
4995117.18750, 8508711
5000152.58789, 8507186
5005187.98828, 8509683
5010223.38867, 8508406
5015258.78906, 8510446
5020294.18945, 8509264
5025329.58984, 8509359
5030364.99023, 8510827
5035400.39062, 8510865
5040435.79102, 8510617
5045471.19141, 8510103
5050506.59180, 8508826
5055541.99219, 8511056
5060577.39258, 8509855
5065612.79297, 8510522
5070648.19336, 8509569
5075683.59375, 8509131
5080718.99414, 8508292
5085754.39453, 8508883
5090789.79492, 8510980
5095825.19531, 8512352
5100860.59570, 8511399
5105895.99609, 8510808
5110931.39648, 8509817
5115966.79688, 8510446
5121002.19727, 8510598
5126037.59766, 8510903
5131072.99805, 8510846
5136108.39844, 8511227
5141143.79883, 8512657
5146179.19922, 8511780
5151214.59961, 8511170
5156250.00000, 8512371
5161285.40039, 8513705
5166320.80078, 8514716
5171356.20117, 8513591
5176391.60156, 8512943
5181427.00195, 8513953
5186462.40234, 8513153
5191497.80273, 8511342
5196533.20312, 8512657
5201568.60352, 8511780
5206604.00391, 8512657
5211639.40430, 8511609
5216674.80469, 8513019
5221710.20508, 8513248
5226745.60547, 8514315
5231781.00586, 8513191
5236816.40625, 8514182
5241851.80664, 8514639
5246887.20703, 8513763
5251922.60742, 8512047
5256958.00781, 8513801
5261993.40820, 8513210
5267028.80859, 8514773
5272064.20898, 8514658
5277099.60938, 8515631
5282135.00977, 8513496
5287170.41016, 8514849
5292205.81055, 8512676
5297241.21094, 8512409
5302276.61133, 8512905
5307312.01172, 8512466
5312347.41211, 8512771
5317382.81250, 8512085
5322418.21289, 8512562
5327453.61328, 8512657
5332489.01367, 8512581
5337524.41406, 8512695
5342559.81445, 8513000
5347595.21484, 8513000
5352630.61523, 8513515
5357666.01562, 8512466
5362701.41602, 8511494
5367736.81641, 8511189
5372772.21680, 8511208
5377807.61719, 8511780
5382843.01758, 8511742
5387878.41797, 8512276
5392913.81836, 8512009
5397949.21875, 8512829
5402984.61914, 8511399
5408020.01953, 8512867
5413055.41992, 8511399
5418090.82031, 8512504
5423126.22070, 8513191
5428161.62109, 8513534
5433197.02148, 8513019
5438232.42188, 8511837
5443267.82227, 8512733
5448303.22266, 8512485
5453338.62305, 8512238
5458374.02344, 8510007
5463409.42383, 8510560
5468444.82422, 8510103
5473480.22461, 8509741
5478515.62500, 8510636
5483551.02539, 8512695
5488586.42578, 8511856
5493621.82617, 8511647
5498657.22656, 8513095
5503692.62695, 8514029
5508728.02734, 8512219
5513763.42773, 8511628
5518798.82812, 8512390
5523834.22852, 8511551
5528869.62891, 8511971
5533905.02930, 8514239
5538940.42969, 8513400
5543975.83008, 8513248
5549011.23047, 8512848
5554046.63086, 8512142
5559082.03125, 8510884
5564117.43164, 8511380
5569152.83203, 8509893
5574188.23242, 8510770
5579223.63281, 8509416
5584259.03320, 8512009
5589294.43359, 8511494
5594329.83398, 8510655
5599365.23438, 8510541
5604400.63477, 8511475
5609436.03516, 8512295
5614471.43555, 8511666
5619506.83594, 8512886
5624542.23633, 8512771
5629577.63672, 8511894
5634613.03711, 8512219
5639648.43750, 8509798
5644683.83789, 8510065
5649719.23828, 8511456
5654754.63867, 8512829
5659790.03906, 8512371
5664825.43945, 8511666
5669860.83984, 8510560
5674896.24023, 8509988
5679931.64062, 8510751
5684967.04102, 8510065
5690002.44141, 8508959
5695037.84180, 8510236
5700073.24219, 8511246
5705108.64258, 8511170
5710144.04297, 8510751
5715179.44336, 8509188
5720214.84375, 8508902
5725250.24414, 8509474
5730285.64453, 8510503
5735321.04492, 8509931
5740356.44531, 8510503
5745391.84570, 8510503
5750427.24609, 8510980
5755462.64648, 8511742
5760498.04688, 8510770
5765533.44727, 8511151
5770568.84766, 8511494
5775604.24805, 8510655
5780639.64844, 8511494
5785675.04883, 8511418
5790710.44922, 8511361
5795745.84961, 8511285
5800781.25000, 8513591
5805816.65039, 8512657
5810852.05078, 8511589
5815887.45117, 8512809
5820922.85156, 8513229
5825958.25195, 8513000
5830993.65234, 8513248
5836029.05273, 8511647
5841064.45312, 8511952
5846099.85352, 8512829
5851135.25391, 8511933
5856170.65430, 8510293
5861206.05469, 8510255
5866241.45508, 8510732
5871276.85547, 8511113
5876312.25586, 8511628
5881347.65625, 8512123
5886383.05664, 8511323
5891418.45703, 8511323
5896453.85742, 8511837
5901489.25781, 8510579
5906524.65820, 8511933
5911560.05859, 8512905
5916595.45898, 8512238
5921630.85938, 8512809
5926666.25977, 8512981
5931701.66016, 8512581
5936737.06055, 8512238
5941772.46094, 8514010
5946807.86133, 8514220
5951843.26172, 8513229
5956878.66211, 8512428
5961914.06250, 8512638
5966949.46289, 8511704
5971984.86328, 8512028
5977020.26367, 8512485
5982055.66406, 8511723
5987091.06445, 8511685
5992126.46484, 8510941
5997161.86523, 8512581
6002197.26562, 8511227
6007232.66602, 8511418
6012268.06641, 8512638
6017303.46680, 8511189
6022338.86719, 8513114
6027374.26758, 8514048
6032409.66797, 8511399
6037445.06836, 8511551
6042480.46875, 8510675
6047515.86914, 8512161
6052551.26953, 8510065
6057586.66992, 8511399
6062622.07031, 8512009
6067657.47070, 8512066
6072692.87109, 8512257
6077728.27148, 8512771
6082763.67188, 8511532
6087799.07227, 8511551
6092834.47266, 8512142
6097869.87305, 8512257
6102905.27344, 8511208
6107940.67383, 8512028
6112976.07422, 8510579
6118011.47461, 8511990
6123046.87500, 8512371
6128082.27539, 8512905
6133117.67578, 8512524
6138153.07617, 8512180
6143188.47656, 8512371
6148223.87695, 8510617
6153259.27734, 8513248
6158294.67773, 8513076
6163330.07812, 8512219
6168365.47852, 8513438
6173400.87891, 8514087
6178436.27930, 8514201
6183471.67969, 8513343
6188507.08008, 8512123
6193542.48047, 8511894
6198577.88086, 8510350
6203613.28125, 8511761
6208648.68164, 8511456
6213684.08203, 8511189
6218719.48242, 8512524
6223754.88281, 8511494
6228790.28320, 8510980
6233825.68359, 8511304
6238861.08398, 8512238
6243896.48438, 8511628
6248931.88477, 8512600
6253967.28516, 8512333
6259002.68555, 8513343
6264038.08594, 8511894
6269073.48633, 8511227
6274108.88672, 8512199
6279144.28711, 8510293
6284179.68750, 8511704
6289215.08789, 8511647
6294250.48828, 8514334
6299285.88867, 8512581
6304321.28906, 8512924
6309356.68945, 8513381
6314392.08984, 8511742
6319427.49023, 8511933
6324462.89062, 8511914
6329498.29102, 8513000
6334533.69141, 8513114
6339569.09180, 8512981
6344604.49219, 8512428
6349639.89258, 8511304
6354675.29297, 8509931
6359710.69336, 8510084
6364746.09375, 8511399
6369781.49414, 8511647
6374816.89453, 8512161
6379852.29492, 8511570
6384887.69531, 8511113
6389923.09570, 8512714
6394958.49609, 8512047
6399993.89648, 8512543
6405029.29688, 8511189
6410064.69727, 8511628
6415100.09766, 8511704
6420135.49805, 8512905
6425170.89844, 8513286
6430206.29883, 8513705
6435241.69922, 8513515
6440277.09961, 8513801
6445312.50000, 8514601
6450347.90039, 8514106
6455383.30078, 8514334
6460418.70117, 8515726
6465454.10156, 8516012
6470489.50195, 8514449
6475524.90234, 8515402
6480560.30273, 8514239
6485595.70312, 8515840
6490631.10352, 8515002
6495666.50391, 8516279
6500701.90430, 8512790
6505737.30469, 8513515
6510772.70508, 8514506
6515808.10547, 8513419
6520843.50586, 8514963
6525878.90625, 8514430
6530914.30664, 8514411
6535949.70703, 8513553
6540985.10742, 8511894
6546020.50781, 8512543
6551055.90820, 8513629
6556091.30859, 8515211
6561126.70898, 8516355
6566162.10938, 8515059
6571197.50977, 8515554
6576232.91016, 8516374
6581268.31055, 8516412
6586303.71094, 8516870
6591339.11133, 8516202
6596374.51172, 8516698
6601409.91211, 8514334
6606445.31250, 8514373
6611480.71289, 8514087
6616516.11328, 8514792
6621551.51367, 8514258
6626586.91406, 8513400
6631622.31445, 8513419
6636657.71484, 8513686
6641693.11523, 8513972
6646728.51562, 8513458
6651763.91602, 8513801
6656799.31641, 8511666
6661834.71680, 8512943
6666870.11719, 8512562
6671905.51758, 8512752
6676940.91797, 8512161
6681976.31836, 8515097
6687011.71875, 8513724
6692047.11914, 8514048
6697082.51953, 8512562
6702117.91992, 8513191
6707153.32031, 8513801
6712188.72070, 8512886
6717224.12109, 8512638
6722259.52148, 8514411
6727294.92188, 8513191
6732330.32227, 8512829
6737365.72266, 8514125
6742401.12305, 8512924
6747436.52344, 8512333
6752471.92383, 8511799
6757507.32422, 8511570
6762542.72461, 8512790
6767578.12500, 8512352
6772613.52539, 8513343
6777648.92578, 8511894
6782684.32617, 8513591
6787719.72656, 8512829
6792755.12695, 8514277
6797790.52734, 8514868
6802825.92773, 8513343
6807861.32812, 8513763
6812896.72852, 8513095
6817932.12891, 8513763
6822967.52930, 8512581
6828002.92969, 8511265
6833038.33008, 8511971
6838073.73047, 8512466
6843109.13086, 8514773
6848144.53125, 8512466
6853179.93164, 8514029
6858215.33203, 8511304
6863250.73242, 8511971
6868286.13281, 8511399
6873321.53320, 8512123
6878356.93359, 8511914
6883392.33398, 8511304
6888427.73438, 8510236
6893463.13477, 8509836
6898498.53516, 8511151
6903533.93555, 8510713
6908569.33594, 8510179
6913604.73633, 8511418
6918640.13672, 8512485
6923675.53711, 8513553
6928710.93750, 8514525
6933746.33789, 8515078
6938781.73828, 8515021
6943817.13867, 8512867
6948852.53906, 8512047
6953887.93945, 8512219
6958923.33984, 8514125
6963958.74023, 8513743
6968994.14062, 8513896
6974029.54102, 8513972
6979064.94141, 8513343
6984100.34180, 8512848
6989135.74219, 8513934
6994171.14258, 8513820
6999206.54297, 8513743
7004241.94336, 8514048
7009277.34375, 8513114
7014312.74414, 8513477
7019348.14453, 8512790
7024383.54492, 8512161
7029418.94531, 8511227
7034454.34570, 8511837
7039489.74609, 8511380
7044525.14648, 8511609
7049560.54688, 8511170
7054595.94727, 8510675
7059631.34766, 8511113
7064666.74805, 8511551
7069702.14844, 8511761
7074737.54883, 8513305
7079772.94922, 8513801
7084808.34961, 8511170
7089843.75000, 8514201
7094879.15039, 8513076
7099914.55078, 8511952
7104949.95117, 8513572
7109985.35156, 8513343
7115020.75195, 8514525
7120056.15234, 8512943
7125091.55273, 8512829
7130126.95312, 8514525
7135162.35352, 8513076
7140197.75391, 8513972
7145233.15430, 8513343
7150268.55469, 8515211
7155303.95508, 8515040
7160339.35547, 8514792
7165374.75586, 8515573
7170410.15625, 8516221
7175445.55664, 8516488
7180480.95703, 8514944
7185516.35742, 8515402
7190551.75781, 8515345
7195587.15820, 8517346
7200622.55859, 8517117
7205657.95898, 8515440
7210693.35938, 8516984
7215728.75977, 8514811
7220764.16016, 8514811
7225799.56055, 8513572
7230834.96094, 8513858
7235870.36133, 8513172
7240905.76172, 8511361
7245941.16211, 8512371
7250976.56250, 8510522
7256011.96289, 8510922
7261047.36328, 8513000
7266082.76367, 8512733
7271118.16406, 8512047
7276153.56445, 8510827
7281188.96484, 8513038
7286224.36523, 8512161
7291259.76562, 8513286
7296295.16602, 8511208
7301330.56641, 8511399
7306365.96680, 8512771
7311401.36719, 8512047
7316436.76758, 8512276
7321472.16797, 8511685
7326507.56836, 8511037
7331542.96875, 8510941
7336578.36914, 8510846
7341613.76953, 8511437
7346649.16992, 8510827
7351684.57031, 8512619
7356719.97070, 8511018
7361755.37109, 8511246
7366790.77148, 8511475
7371826.17188, 8511075
7376861.57227, 8511189
7381896.97266, 8510865
7386932.37305, 8510541
7391967.77344, 8511494
7397003.17383, 8510370
7402038.57422, 8508673
7407073.97461, 8509931
7412109.37500, 8508501
7417144.77539, 8508139
7422180.17578, 8508463
7427215.57617, 8510084
7432250.97656, 8507949
7437286.37695, 8508902
7442321.77734, 8506767
7447357.17773, 8509073
7452392.57812, 8509207
7457427.97852, 8508139
7462463.37891, 8506900
7467498.77930, 8507129
7472534.17969, 8509131
7477569.58008, 8509664
7482604.98047, 8511170
7487640.38086, 8508120
7492675.78125, 8508482
7497711.18164, 8507377
7502746.58203, 8507682
7507781.98242, 8507110
7512817.38281, 8507320
7517852.78320, 8508883
7522888.18359, 8508139
7527923.58398, 8507701
7532958.98438, 8507834
7537994.38477, 8509683
7543029.78516, 8510160
7548065.18555, 8510141
7553100.58594, 8512409
7558135.98633, 8511875
7563171.38672, 8510389
7568206.78711, 8510598
7573242.18750, 8508463
7578277.58789, 8510103
7583312.98828, 8509207
7588348.38867, 8510312
7593383.78906, 8510331
7598419.18945, 8509455
7603454.58984, 8509283
7608489.99023, 8510465
7613525.39062, 8510503
7618560.79102, 8510408
7623596.19141, 8509798
7628631.59180, 8509588
7633666.99219, 8509607
7638702.39258, 8509073
7643737.79297, 8507682
7648773.19336, 8510274
7653808.59375, 8510198
7658843.99414, 8510350
7663879.39453, 8511685
7668914.79492, 8510141
7673950.19531, 8509721
7678985.59570, 8510713
7684020.99609, 8509664
7689056.39648, 8509912
7694091.79688, 8509893
7699127.19727, 8508883
7704162.59766, 8509207
7709197.99805, 8511132
7714233.39844, 8509950
7719268.79883, 8511037
7724304.19922, 8510846
7729339.59961, 8510408
7734375.00000, 8513877
7739410.40039, 8513610
7744445.80078, 8512180
7749481.20117, 8511914
7754516.60156, 8512295
7759552.00195, 8513095
7764587.40234, 8513114
7769622.80273, 8511380
7774658.20312, 8511704
7779693.60352, 8510636
7784729.00391, 8510408
7789764.40430, 8509588
7794799.80469, 8508425
7799835.20508, 8507892
7804870.60547, 8508521
7809906.00586, 8508597
7814941.40625, 8507777
7819976.80664, 8508139
7825012.20703, 8510198
7830047.60742, 8509321
7835083.00781, 8510255
7840118.40820, 8509550
7845153.80859, 8509817
7850189.20898, 8509169
7855224.60938, 8511780
7860260.00977, 8511265
7865295.41016, 8512028
7870330.81055, 8511380
7875366.21094, 8511304
7880401.61133, 8510236
7885437.01172, 8510141
7890472.41211, 8509397
7895507.81250, 8509474
7900543.21289, 8510065
7905578.61328, 8509588
7910614.01367, 8509607
7915649.41406, 8510446
7920684.81445, 8510084
7925720.21484, 8510293
7930755.61523, 8510274
7935791.01562, 8510980
7940826.41602, 8510675
7945861.81641, 8511075
7950897.21680, 8512657
7955932.61719, 8512733
7960968.01758, 8512943
7966003.41797, 8512581
7971038.81836, 8513172
7976074.21875, 8512504
7981109.61914, 8512905
7986145.01953, 8514277
7991180.41992, 8512219
7996215.82031, 8512466
8001251.22070, 8512009
8006286.62109, 8511894
8011322.02148, 8511037
8016357.42188, 8512104
8021392.82227, 8510198
8026428.22266, 8510522
8031463.62305, 8510732
8036499.02344, 8512104
8041534.42383, 8511056
8046569.82422, 8511208
8051605.22461, 8513076
8056640.62500, 8513267
8061676.02539, 8513153
8066711.42578, 8512199
8071746.82617, 8511818
8076782.22656, 8510732
8081817.62695, 8511208
8086853.02734, 8511304
8091888.42773, 8512371
8096923.82812, 8512524
8101959.22852, 8511761
8106994.62891, 8512219
8112030.02930, 8511227
8117065.42969, 8512543
8122100.83008, 8512886
8127136.23047, 8513477
8132171.63086, 8513515
8137207.03125, 8513705
8142242.43164, 8513172
8147277.83203, 8513229
8152313.23242, 8514449
8157348.63281, 8513381
8162384.03320, 8514163
8167419.43359, 8514182
8172454.83398, 8512829
8177490.23438, 8513610
8182525.63477, 8514601
8187561.03516, 8514754
8192596.43555, 8514392
8197631.83594, 8513229
8202667.23633, 8514163
8207702.63672, 8511780
8212738.03711, 8511971
8217773.43750, 8512104
8222808.83789, 8514392
8227844.23828, 8513153
8232879.63867, 8512695
8237915.03906, 8512676
8242950.43945, 8513458
8247985.83984, 8514430
8253021.24023, 8514029
8258056.64062, 8513591
8263092.04102, 8512657
8268127.44141, 8512581
8273162.84180, 8514639
8278198.24219, 8514773
8283233.64258, 8514506
8288269.04297, 8514411
8293304.44336, 8512905
8298339.84375, 8513991
8303375.24414, 8513400
8308410.64453, 8513686
8313446.04492, 8514315
8318481.44531, 8511094
8323516.84570, 8512848
8328552.24609, 8512829
8333587.64648, 8514106
8338623.04688, 8512409
8343658.44727, 8512466
8348693.84766, 8513324
8353729.24805, 8512600
8358764.64844, 8513972
8363800.04883, 8513038
8368835.44922, 8513667
8373870.84961, 8513667
8378906.25000, 8515459
8383941.65039, 8514010
8388977.05078, 8515554
8394012.45117, 8514887
8399047.85156, 8516946
8404083.25195, 8515821
8409118.65234, 8515974
8414154.05273, 8515821
8419189.45312, 8514525
8424224.85352, 8515135
8429260.25391, 8514048
8434295.65430, 8515631
8439331.05469, 8515154
8444366.45508, 8515421
8449401.85547, 8514773
8454437.25586, 8514887
8459472.65625, 8515917
8464508.05664, 8515040
8469543.45703, 8516565
8474578.85742, 8516088
8479614.25781, 8516698
8484649.65820, 8517861
8489685.05859, 8517480
8494720.45898, 8517613
8499755.85938, 8518566
8504791.25977, 8518852
8509826.66016, 8517823
8514862.06055, 8517117
8519897.46094, 8518147
8524932.86133, 8517499
8529968.26172, 8516336
8535003.66211, 8516317
8540039.06250, 8516889
8545074.46289, 8514830
8550109.86328, 8515535
8555145.26367, 8515078
8560180.66406, 8515230
8565216.06445, 8517041
8570251.46484, 8516736
8575286.86523, 8516050
8580322.26562, 8515497
8585357.66602, 8516717
8590393.06641, 8516241
8595428.46680, 8515059
8600463.86719, 8514106
8605499.26758, 8514353
8610534.66797, 8514411
8615570.06836, 8515840
8620605.46875, 8514468
8625640.86914, 8513572
8630676.26953, 8513686
8635711.66992, 8514334
8640747.07031, 8514430
8645782.47070, 8514125
8650817.87109, 8512504
8655853.27148, 8512238
8660888.67188, 8514182
8665924.07227, 8513172
8670959.47266, 8512981
8675994.87305, 8512581
8681030.27344, 8513915
8686065.67383, 8512600
8691101.07422, 8512790
8696136.47461, 8511056
8701171.87500, 8513667
8706207.27539, 8514048
8711242.67578, 8512371
8716278.07617, 8513114
8721313.47656, 8514982
8726348.87695, 8513953
8731384.27734, 8516107
8736419.67773, 8516698
8741455.07812, 8516202
8746490.47852, 8515650
8751525.87891, 8515840
8756561.27930, 8516374
8761596.67969, 8515840
8766632.08008, 8515421
8771667.48047, 8514735
8776702.88086, 8514716
8781738.28125, 8513915
8786773.68164, 8513991
8791809.08203, 8514601
8796844.48242, 8512924
8801879.88281, 8512752
8806915.28320, 8513991
8811950.68359, 8513801
8816986.08398, 8513458
8822021.48438, 8511914
8827056.88477, 8513801
8832092.28516, 8514029
8837127.68555, 8513763
8842163.08594, 8513896
8847198.48633, 8513419
8852233.88672, 8513419
8857269.28711, 8514010
8862304.68750, 8513896
8867340.08789, 8512848
8872375.48828, 8513629
8877410.88867, 8512733
8882446.28906, 8513477
8887481.68945, 8511894
8892517.08984, 8512886
8897552.49023, 8512142
8902587.89062, 8511666
8907623.29102, 8512009
8912658.69141, 8513610
8917694.09180, 8512428
8922729.49219, 8513686
8927764.89258, 8512848
8932800.29297, 8511799
8937835.69336, 8512524
8942871.09375, 8513438
8947906.49414, 8514182
8952941.89453, 8514392
8957977.29492, 8513343
8963012.69531, 8513953
8968048.09570, 8515573
8973083.49609, 8514411
8978118.89648, 8513419
8983154.29688, 8514849
8988189.69727, 8513991
8993225.09766, 8512962
8998260.49805, 8513191
9003295.89844, 8514334
9008331.29883, 8513705
9013366.69922, 8514239
9018402.09961, 8513705
9023437.50000, 8513782
9028472.90039, 8511475
9033508.30078, 8511723
9038543.70117, 8513229
9043579.10156, 8513896
9048614.50195, 8515040
9053649.90234, 8514277
9058685.30273, 8513629
9063720.70312, 8513305
9068756.10352, 8511418
9073791.50391, 8511304
9078826.90430, 8510980
9083862.30469, 8510522
9088897.70508, 8510427
9093933.10547, 8509721
9098968.50586, 8510503
9104003.90625, 8509836
9109039.30664, 8510312
9114074.70703, 8510808
9119110.10742, 8510655
9124145.50781, 8509779
9129180.90820, 8512276
9134216.30859, 8512466
9139251.70898, 8513305
9144287.10938, 8512619
9149322.50977, 8512790
9154357.91016, 8513400
9159393.31055, 8512619
9164428.71094, 8514220
9169464.11133, 8513267
9174499.51172, 8513839
9179534.91211, 8513057
9184570.31250, 8513629
9189605.71289, 8512962
9194641.11328, 8513324
9199676.51367, 8514125
9204711.91406, 8513229
9209747.31445, 8513477
9214782.71484, 8512047
9219818.11523, 8511761
9224853.51562, 8512219
9229888.91602, 8512562
9234924.31641, 8513095
9239959.71680, 8514296
9244995.11719, 8513438
9250030.51758, 8515821
9255065.91797, 8516031
9260101.31836, 8514334
9265136.71875, 8516374
9270172.11914, 8515497
9275207.51953, 8513991
9280242.91992, 8514201
9285278.32031, 8513972
9290313.72070, 8513934
9295349.12109, 8514048
9300384.52148, 8513324
9305419.92188, 8514392
9310455.32227, 8515021
9315490.72266, 8514182
9320526.12305, 8515554
9325561.52344, 8515002
9330596.92383, 8516641
9335632.32422, 8514773
9340667.72461, 8515078
9345703.12500, 8516546
9350738.52539, 8516641
9355773.92578, 8516679
9360809.32617, 8516736
9365844.72656, 8518013
9370880.12695, 8517403
9375915.52734, 8515821
9380950.92773, 8515402
9385986.32812, 8516126
9391021.72852, 8517194
9396057.12891, 8515955
9401092.52930, 8515707
9406127.92969, 8516355
9411163.33008, 8515840
9416198.73047, 8515840
9421234.13086, 8516793
9426269.53125, 8514830
9431304.93164, 8515383
9436340.33203, 8514887
9441375.73242, 8515002
9446411.13281, 8514754
9451446.53320, 8514125
9456481.93359, 8512466
9461517.33398, 8512085
9466552.73438, 8511018
9471588.13477, 8510370
9476623.53516, 8512447
9481658.93555, 8513076
9486694.33594, 8512943
9491729.73633, 8512886
9496765.13672, 8511894
9501800.53711, 8512714
9506835.93750, 8514106
9511871.33789, 8514716
9516906.73828, 8514334
9521942.13867, 8512924
9526977.53906, 8514068
9532012.93945, 8514830
9537048.33984, 8515307
9542083.74023, 8513667
9547119.14062, 8514792
9552154.54102, 8514296
9557189.94141, 8513763
9562225.34180, 8514048
9567260.74219, 8512619
9572296.14258, 8511990
9577331.54297, 8512085
9582366.94336, 8512790
9587402.34375, 8510960
9592437.74414, 8511589
9597473.14453, 8511914
9602508.54492, 8510980
9607543.94531, 8510827
9612579.34570, 8511628
9617614.74609, 8512676
9622650.14648, 8511132
9627685.54688, 8512485
9632720.94727, 8512752
9637756.34766, 8513019
9642791.74805, 8513553
9647827.14844, 8513076
9652862.54883, 8512066
9657897.94922, 8512790
9662933.34961, 8514048
9667968.75000, 8515345
9673004.15039, 8514868
9678039.55078, 8515497
9683074.95117, 8515249
9688110.35156, 8513400
9693145.75195, 8513534
9698181.15234, 8513667
9703216.55273, 8515116
9708251.95312, 8513191
9713287.35352, 8513305
9718322.75391, 8512600
9723358.15430, 8513591
9728393.55469, 8512600
9733428.95508, 8513534
9738464.35547, 8511342
9743499.75586, 8510579
9748535.15625, 8512581
9753570.55664, 8512695
9758605.95703, 8514106
9763641.35742, 8515154
9768676.75781, 8514544
9773712.15820, 8514792
9778747.55859, 8515859
9783782.95898, 8515440
9788818.35938, 8514601
9793853.75977, 8515211
9798889.16016, 8513172
9803924.56055, 8514010
9808959.96094, 8514963
9813995.36133, 8515402
9819030.76172, 8513915
9824066.16211, 8513172
9829101.56250, 8513953
9834136.96289, 8512485
9839172.36328, 8514563
9844207.76367, 8514182
9849243.16406, 8513381
9854278.56445, 8512562
9859313.96484, 8512447
9864349.36523, 8512562
9869384.76562, 8513915
9874420.16602, 8513458
9879455.56641, 8513534
9884490.96680, 8512962
9889526.36719, 8512829
9894561.76758, 8512790
9899597.16797, 8512829
9904632.56836, 8513534
9909667.96875, 8514716
9914703.36914, 8513248
9919738.76953, 8513610
9924774.16992, 8512447
9929809.57031, 8512295
9934844.97070, 8512809
9939880.37109, 8512657
9944915.77148, 8513286
9949951.17188, 8512809
9954986.57227, 8514334
9960021.97266, 8513686
9965057.37305, 8514106
9970092.77344, 8514010
9975128.17383, 8514334
9980163.57422, 8513877
9985198.97461, 8514963
9990234.37500, 8514315
9995269.77539, 8513915
10000305.17578, 8510427
10005340.57617, 8511151
10010375.97656, 8512142
10015411.37695, 8512809
10020446.77734, 8513076
10025482.17773, 8512924
10030517.57812, 8513496
10035552.97852, 8512638
10040588.37891, 8513019
10045623.77930, 8511685
10050659.17969, 8512047
10055694.58008, 8511742
10060729.98047, 8511304
10065765.38086, 8513991
10070800.78125, 8513801
10075836.18164, 8513763
10080871.58203, 8514373
10085906.98242, 8512676
10090942.38281, 8513915
10095977.78320, 8512886
10101013.18359, 8513553
10106048.58398, 8513229
10111083.98438, 8512333
10116119.38477, 8512657
10121154.78516, 8512695
10126190.18555, 8512504
10131225.58594, 8514525
10136260.98633, 8513972
10141296.38672, 8513400
10146331.78711, 8512047
10151367.18750, 8511132
10156402.58789, 8511647
10161437.98828, 8511914
10166473.38867, 8511628
10171508.78906, 8512638
10176544.18945, 8512848
10181579.58984, 8512657
10186614.99023, 8512543
10191650.39062, 8513324
10196685.79102, 8511742
10201721.19141, 8513419
10206756.59180, 8512047
10211791.99219, 8510274
10216827.39258, 8512219
10221862.79297, 8511609
10226898.19336, 8512600
10231933.59375, 8514735
10236968.99414, 8515021
10242004.39453, 8514525
10247039.79492, 8515440
10252075.19531, 8514411
10257110.59570, 8514544
10262145.99609, 8514144
10267181.39648, 8514010
10272216.79688, 8512771
10277252.19727, 8514830
10282287.59766, 8514239
10287322.99805, 8512981
10292358.39844, 8513038
10297393.79883, 8513972
10302429.19922, 8512047
10307464.59961, 8513782
10312500.00000, 8513553
10317535.40039, 8513667
10322570.80078, 8513648
10327606.20117, 8513496
10332641.60156, 8515326
10337677.00195, 8514544
10342712.40234, 8515002
10347747.80273, 8513858
10352783.20312, 8515459
10357818.60352, 8516526
10362854.00391, 8517136
10367889.40430, 8516221
10372924.80469, 8516107
10377960.20508, 8516679
10382995.60547, 8517156
10388031.00586, 8516831
10393066.40625, 8517098
10398101.80664, 8516946
10403137.20703, 8517861
10408172.60742, 8517003
10413208.00781, 8517765
10418243.40820, 8516889
10423278.80859, 8516488
10428314.20898, 8517556
10433349.60938, 8518566
10438385.00977, 8517098
10443420.41016, 8518242
10448455.81055, 8517727
10453491.21094, 8518090
10458526.61133, 8517499
10463562.01172, 8517156
10468597.41211, 8517556
10473632.81250, 8517480
10478668.21289, 8516050
10483703.61328, 8516679
10488739.01367, 8516450
10493774.41406, 8516241
10498809.81445, 8515535
10503845.21484, 8515211
10508880.61523, 8514925
10513916.01562, 8515211
10518951.41602, 8515669
10523986.81641, 8513877
10529022.21680, 8512733
10534057.61719, 8514639
10539093.01758, 8514373
10544128.41797, 8513305
10549163.81836, 8513896
10554199.21875, 8515287
10559234.61914, 8515211
10564270.01953, 8515402
10569305.41992, 8516431
10574340.82031, 8517098
10579376.22070, 8519157
10584411.62109, 8518985
10589447.02148, 8519824
10594482.42188, 8519729
10599517.82227, 8521216
10604553.22266, 8520129
10609588.62305, 8520377
10614624.02344, 8520663
10619659.42383, 8520968
10624694.82422, 8519214
10629730.22461, 8519996
10634765.62500, 8519329
10639801.02539, 8518375
10644836.42578, 8518147
10649871.82617, 8518109
10654907.22656, 8517918
10659942.62695, 8517823
10664978.02734, 8518147
10670013.42773, 8519138
10675048.82812, 8518166
10680084.22852, 8518623
10685119.62891, 8519576
10690155.02930, 8518738
10695190.42969, 8518680
10700225.83008, 8517556
10705261.23047, 8517461
10710296.63086, 8517117
10715332.03125, 8514963
10720367.43164, 8514773
10725402.83203, 8514411
10730438.23242, 8514697
10735473.63281, 8514258
10740509.03320, 8514068
10745544.43359, 8513572
10750579.83398, 8514182
10755615.23438, 8514048
10760650.63477, 8514258
10765686.03516, 8514048
10770721.43555, 8514792
10775756.83594, 8514087
10780792.23633, 8514163
10785827.63672, 8515631
10790863.03711, 8517270
10795898.43750, 8516679
10800933.83789, 8516679
10805969.23828, 8517022
10811004.63867, 8516088
10816040.03906, 8516946
10821075.43945, 8517041
10826110.83984, 8516431
10831146.24023, 8516927
10836181.64062, 8515631
10841217.04102, 8516469
10846252.44141, 8514773
10851287.84180, 8513801
10856323.24219, 8514239
10861358.64258, 8514639
10866394.04297, 8514182
10871429.44336, 8514887
10876464.84375, 8515631
10881500.24414, 8516183
10886535.64453, 8516183
10891571.04492, 8517136
10896606.44531, 8516793
10901641.84570, 8518318
10906677.24609, 8517899
10911712.64648, 8515859
10916748.04688, 8516336
10921783.44727, 8515268
10926818.84766, 8515612
10931854.24805, 8514697
10936889.64844, 8513286
10941925.04883, 8514506
10946960.44922, 8514334
10951995.84961, 8514392
10957031.25000, 8515402
10962066.65039, 8515040
10967102.05078, 8514563
10972137.45117, 8515059
10977172.85156, 8515478
10982208.25195, 8514773
10987243.65234, 8515307
10992279.05273, 8515802
10997314.45312, 8514792
11002349.85352, 8515821
11007385.25391, 8516317
11012420.65430, 8517213
11017456.05469, 8516241
11022491.45508, 8516107
11027526.85547, 8515478
11032562.25586, 8515383
11037597.65625, 8514334
11042633.05664, 8515268
11047668.45703, 8517499
11052703.85742, 8517499
11057739.25781, 8517518
11062774.65820, 8516241
11067810.05859, 8516336
11072845.45898, 8516851
11077880.85938, 8516107
11082916.25977, 8518299
11087951.66016, 8515421
11092987.06055, 8515573
11098022.46094, 8517956
11103057.86133, 8517403
11108093.26172, 8516831
11113128.66211, 8516431
11118164.06250, 8517956
11123199.46289, 8517880
11128234.86328, 8517461
11133270.26367, 8516946
11138305.66406, 8516622
11143341.06445, 8516526
11148376.46484, 8515421
11153411.86523, 8516889
11158447.26562, 8516469
11163482.66602, 8515955
11168518.06641, 8516126
11173553.46680, 8516450
11178588.86719, 8515955
11183624.26758, 8515821
11188659.66797, 8515459
11193695.06836, 8517480
11198730.46875, 8516736
11203765.86914, 8517403
11208801.26953, 8516374
11213836.66992, 8516317
11218872.07031, 8517270
11223907.47070, 8516774
11228942.87109, 8516241
11233978.27148, 8517556
11239013.67188, 8518166
11244049.07227, 8518566
11249084.47266, 8517765
11254119.87305, 8517156
11259155.27344, 8516641
11264190.67383, 8516793
11269226.07422, 8517651
11274261.47461, 8516679
11279296.87500, 8517098
11284332.27539, 8516355
11289367.67578, 8516831
11294403.07617, 8516851
11299438.47656, 8515764
11304473.87695, 8517060
11309509.27734, 8517384
11314544.67773, 8518013
11319580.07812, 8518032
11324615.47852, 8518109
11329650.87891, 8517232
11334686.27930, 8515707
11339721.67969, 8517461
11344757.08008, 8516870
11349792.48047, 8516050
11354827.88086, 8515516
11359863.28125, 8517537
11364898.68164, 8517156
11369934.08203, 8516317
11374969.48242, 8516908
11380004.88281, 8516298
11385040.28320, 8516660
11390075.68359, 8516507
11395111.08398, 8517537
11400146.48438, 8517079
11405181.88477, 8518337
11410217.28516, 8517746
11415252.68555, 8515993
11420288.08594, 8515516
11425323.48633, 8514716
11430358.88672, 8516374
11435394.28711, 8514754
11440429.68750, 8514620
11445465.08789, 8514125
11450500.48828, 8513953
11455535.88867, 8514582
11460571.28906, 8514544
11465606.68945, 8514373
11470642.08984, 8516660
11475677.49023, 8517003
11480712.89062, 8515097
11485748.29102, 8514296
11490783.69141, 8514334
11495819.09180, 8515326
11500854.49219, 8513801
11505889.89258, 8515726
11510925.29297, 8513953
11515960.69336, 8513782
11520996.09375, 8512809
11526031.49414, 8514392
11531066.89453, 8513953
11536102.29492, 8513458
11541137.69531, 8514182
11546173.09570, 8513705
11551208.49609, 8513305
11556243.89648, 8513667
11561279.29688, 8515002
11566314.69727, 8515345
11571350.09766, 8514639
11576385.49805, 8514373
11581420.89844, 8513076
11586456.29883, 8513095
11591491.69922, 8512619
11596527.09961, 8512752
11601562.50000, 8514601
11606597.90039, 8513343
11611633.30078, 8513896
11616668.70117, 8514144
11621704.10156, 8512771
11626739.50195, 8514468
11631774.90234, 8513896
11636810.30273, 8513248
11641845.70312, 8513458
11646881.10352, 8514334
11651916.50391, 8514334
11656951.90430, 8513686
11661987.30469, 8514029
11667022.70508, 8513191
11672058.10547, 8513629
11677093.50586, 8513648
11682128.90625, 8513305
11687164.30664, 8512047
11692199.70703, 8512219
11697235.10742, 8512733
11702270.50781, 8512257
11707305.90820, 8512676
11712341.30859, 8512733
11717376.70898, 8512600
11722412.10938, 8513934
11727447.50977, 8511304
11732482.91016, 8511914
11737518.31055, 8511914
11742553.71094, 8512867
11747589.11133, 8510370
11752624.51172, 8512600
11757659.91211, 8512352
11762695.31250, 8513133
11767730.71289, 8514087
11772766.11328, 8512009
11777801.51367, 8510579
11782836.91406, 8509550
11787872.31445, 8510160
11792907.71484, 8512199
11797943.11523, 8513057
11802978.51562, 8512066
11808013.91602, 8511952
11813049.31641, 8512257
11818084.71680, 8514220
11823120.11719, 8514029
11828155.51758, 8514620
11833190.91797, 8513686
11838226.31836, 8514277
11843261.71875, 8513591
11848297.11914, 8514735
11853332.51953, 8514392
11858367.91992, 8515249
11863403.32031, 8514582
11868438.72070, 8515497
11873474.12109, 8514963
11878509.52148, 8515097
11883544.92188, 8515440
11888580.32227, 8516107
11893615.72266, 8513858
11898651.12305, 8515021
11903686.52344, 8515268
11908721.92383, 8514811
11913757.32422, 8514010
11918792.72461, 8514811
11923828.12500, 8515840
11928863.52539, 8515002
11933898.92578, 8515383
11938934.32617, 8515859
11943969.72656, 8515116
11949005.12695, 8515059
11954040.52734, 8514239
11959075.92773, 8514373
11964111.32812, 8513496
11969146.72852, 8514468
11974182.12891, 8513972
11979217.52930, 8511837
11984252.92969, 8511837
11989288.33008, 8510732
11994323.73047, 8513076
11999359.13086, 8513915
12004394.53125, 8514106
12009429.93164, 8514182
12014465.33203, 8513591
12019500.73242, 8512790
12024536.13281, 8513324
12029571.53320, 8512466
12034606.93359, 8513076
12039642.33398, 8513553
12044677.73438, 8512848
12049713.13477, 8514563
12054748.53516, 8514982
12059783.93555, 8513877
12064819.33594, 8512790
12069854.73633, 8513324
12074890.13672, 8515478
12079925.53711, 8514296
12084960.93750, 8515440
12089996.33789, 8513610
12095031.73828, 8515173
12100067.13867, 8514201
12105102.53906, 8515135
12110137.93945, 8514201
12115173.33984, 8514334
12120208.74023, 8514677
12125244.14062, 8513724
12130279.54102, 8514754
12135314.94141, 8513705
12140350.34180, 8514201
12145385.74219, 8512867
12150421.14258, 8514468
12155456.54297, 8514430
12160491.94336, 8514334
12165527.34375, 8513534
12170562.74414, 8512695
12175598.14453, 8513000
12180633.54492, 8513419
12185668.94531, 8511971
12190704.34570, 8512390
12195739.74609, 8512981
12200775.14648, 8513553
12205810.54688, 8513381
12210845.94727, 8516774
12215881.34766, 8515612
12220916.74805, 8513705
12225952.14844, 8514163
12230987.54883, 8512924
12236022.94922, 8512238
12241058.34961, 8513438
12246093.75000, 8514449
12251129.15039, 8513362
12256164.55078, 8512867
12261199.95117, 8513133
12266235.35156, 8513324
12271270.75195, 8513305
12276306.15234, 8513496
12281341.55273, 8512619
12286376.95312, 8512009
12291412.35352, 8511589
12296447.75391, 8512428
12301483.15430, 8511875
12306518.55469, 8511323
12311553.95508, 8511342
12316589.35547, 8511208
12321624.75586, 8512428
12326660.15625, 8512314
12331695.55664, 8513953
12336730.95703, 8513458
12341766.35742, 8511628
12346801.75781, 8511551
12351837.15820, 8511933
12356872.55859, 8512047
12361907.95898, 8512829
12366943.35938, 8511246
12371978.75977, 8511952
12377014.16016, 8511570
12382049.56055, 8510846
12387084.96094, 8511551
12392120.36133, 8513057
12397155.76172, 8513210
12402191.16211, 8512485
12407226.56250, 8512981
12412261.96289, 8512390
12417297.36328, 8513362
12422332.76367, 8512638
12427368.16406, 8514048
12432403.56445, 8511113
12437438.96484, 8511628
12442474.36523, 8513038
12447509.76562, 8510903
12452545.16602, 8511704
12457580.56641, 8511075
12462615.96680, 8512905
12467651.36719, 8513782
12472686.76758, 8513705
12477722.16797, 8513724
12482757.56836, 8514792
12487792.96875, 8514239
12492828.36914, 8514944
12497863.76953, 8515345
12502899.16992, 8514658
12507934.57031, 8515287
12512969.97070, 8514601
12518005.37109, 8515097
12523040.77148, 8514296
12528076.17188, 8513648
12533111.57227, 8513629
12538146.97266, 8512371
12543182.37305, 8510770
12548217.77344, 8512333
12553253.17383, 8513629
12558288.57422, 8513153
12563323.97461, 8514620
12568359.37500, 8513858
12573394.77539, 8514144
12578430.17578, 8516221
12583465.57617, 8515650
12588500.97656, 8517384
12593536.37695, 8518833
12598571.77734, 8516260
12603607.17773, 8517346
12608642.57812, 8517651
12613677.97852, 8516088
12618713.37891, 8516107
12623748.77930, 8517156
12628784.17969, 8516965
12633819.58008, 8515802
12638854.98047, 8515631
12643890.38086, 8515840
12648925.78125, 8515059
12653961.18164, 8516260
12658996.58203, 8514220
12664031.98242, 8513972
12669067.38281, 8514906
12674102.78320, 8513248
12679138.18359, 8514582
12684173.58398, 8514963
12689208.98438, 8513991
12694244.38477, 8515097
12699279.78516, 8514487
12704315.18555, 8514773
12709350.58594, 8514639
12714385.98633, 8513724
12719421.38672, 8513210
12724456.78711, 8513763
12729492.18750, 8515040
12734527.58789, 8514811
12739562.98828, 8515383
12744598.38867, 8514430
12749633.78906, 8513153
12754669.18945, 8514048
12759704.58984, 8514201
12764739.99023, 8514258
12769775.39062, 8511914
12774810.79102, 8513458
12779846.19141, 8513496
12784881.59180, 8512676
12789916.99219, 8513362
12794952.39258, 8513286
12799987.79297, 8514239
12805023.19336, 8513496
12810058.59375, 8514334
12815093.99414, 8514982
12820129.39453, 8514449
12825164.79492, 8513419
12830200.19531, 8515021
12835235.59570, 8515002
12840270.99609, 8515192
12845306.39648, 8517746
12850341.79688, 8515917
12855377.19727, 8516260
12860412.59766, 8515707
12865447.99805, 8515554
12870483.39844, 8516107
12875518.79883, 8514963
12880554.19922, 8515612
12885589.59961, 8515021
12890625.00000, 8514944
12895660.40039, 8513534
12900695.80078, 8514430
12905731.20117, 8514201
12910766.60156, 8515002
12915802.00195, 8515516
12920837.40234, 8516565
12925872.80273, 8516279
12930908.20312, 8513801
12935943.60352, 8515002
12940979.00391, 8515478
12946014.40430, 8513076
12951049.80469, 8513572
12956085.20508, 8513915
12961120.60547, 8514106
12966156.00586, 8512676
12971191.40625, 8512790
12976226.80664, 8512524
12981262.20703, 8512981
12986297.60742, 8513153
12991333.00781, 8512829
12996368.40820, 8514411
13001403.80859, 8513191
13006439.20898, 8511551
13011474.60938, 8512981
13016510.00977, 8513057
13021545.41016, 8513400
13026580.81055, 8512543
13031616.21094, 8512333
13036651.61133, 8510617
13041687.01172, 8512581
13046722.41211, 8511494
13051757.81250, 8512905
13056793.21289, 8514277
13061828.61328, 8513915
13066864.01367, 8512562
13071899.41406, 8512981
13076934.81445, 8514239
13081970.21484, 8513572
13087005.61523, 8514449
13092041.01562, 8513686
13097076.41602, 8514029
13102111.81641, 8514830
13107147.21680, 8513858
13112182.61719, 8514144
13117218.01758, 8514353
13122253.41797, 8513705
13127288.81836, 8514982
13132324.21875, 8514601
13137359.61914, 8513629
13142395.01953, 8513591
13147430.41992, 8512638
13152465.82031, 8514811
13157501.22070, 8513438
13162536.62109, 8513763
13167572.02148, 8512848
13172607.42188, 8513553
13177642.82227, 8513915
13182678.22266, 8513858
13187713.62305, 8515002
13192749.02344, 8513534
13197784.42383, 8513648
13202819.82422, 8512752
13207855.22461, 8514373
13212890.62500, 8513515
13217926.02539, 8513038
13222961.42578, 8512199
13227996.82617, 8513057
13233032.22656, 8512199
13238067.62695, 8512009
13243103.02734, 8512295
13248138.42773, 8513477
13253173.82812, 8513743
13258209.22852, 8512238
13263244.62891, 8513667
13268280.02930, 8513572
13273315.42969, 8511589
13278350.83008, 8513019
13283386.23047, 8514163
13288421.63086, 8513686
13293457.03125, 8514658
13298492.43164, 8515897
13303527.83203, 8513362
13308563.23242, 8513305
13313598.63281, 8514106
13318634.03320, 8514048
13323669.43359, 8513153
13328704.83398, 8512733
13333740.23438, 8512867
13338775.63477, 8512600
13343811.03516, 8514048
13348846.43555, 8511818
13353881.83594, 8513095
13358917.23633, 8514373
13363952.63672, 8513877
13368988.03711, 8513915
13374023.43750, 8514277
13379058.83789, 8514830
13384094.23828, 8513972
13389129.63867, 8513400
13394165.03906, 8512390
13399200.43945, 8514182
13404235.83984, 8513534
13409271.24023, 8514334
13414306.64062, 8513229
13419342.04102, 8513934
13424377.44141, 8515021
13429412.84180, 8513782
13434448.24219, 8513057
13439483.64258, 8513343
13444519.04297, 8514258
13449554.44336, 8513000
13454589.84375, 8512676
13459625.24414, 8512695
13464660.64453, 8512466
13469696.04492, 8513133
13474731.44531, 8513610
13479766.84570, 8513496
13484802.24609, 8512276
13489837.64648, 8514697
13494873.04688, 8512905
13499908.44727, 8513000
13504943.84766, 8513610
13509979.24805, 8514258
13515014.64844, 8513496
13520050.04883, 8514906
13525085.44922, 8514334
13530120.84961, 8512695
13535156.25000, 8514010
13540191.65039, 8513133
13545227.05078, 8512829
13550262.45117, 8511990
13555297.85156, 8512581
13560333.25195, 8512886
13565368.65234, 8511761
13570404.05273, 8513248
13575439.45312, 8512695
13580474.85352, 8513496
13585510.25391, 8511551
13590545.65430, 8512295
13595581.05469, 8511628
13600616.45508, 8511914
13605651.85547, 8511304
13610687.25586, 8512676
13615722.65625, 8512905
13620758.05664, 8513153
13625793.45703, 8513743
13630828.85742, 8513953
13635864.25781, 8512981
13640899.65820, 8513667
13645935.05859, 8513305
13650970.45898, 8512161
13656005.85938, 8511380
13661041.25977, 8512771
13666076.66016, 8514106
13671112.06055, 8512981
13676147.46094, 8513515
13681182.86133, 8513400
13686218.26172, 8513286
13691253.66211, 8512905
13696289.06250, 8512142
13701324.46289, 8514125
13706359.86328, 8511875
13711395.26367, 8511380
13716430.66406, 8512905
13721466.06445, 8511742
13726501.46484, 8513172
13731536.86523, 8512390
13736572.26562, 8512638
13741607.66602, 8512905
13746643.06641, 8512333
13751678.46680, 8513000
13756713.86719, 8510770
13761749.26758, 8513515
13766784.66797, 8512638
13771820.06836, 8513477
13776855.46875, 8514449
13781890.86914, 8514811
13786926.26953, 8513743
13791961.66992, 8513820
13796997.07031, 8513477
13802032.47070, 8515878
13807067.87109, 8517251
13812103.27148, 8516317
13817138.67188, 8515059
13822174.07227, 8515135
13827209.47266, 8515402
13832244.87305, 8513305
13837280.27344, 8513095
13842315.67383, 8514048
13847351.07422, 8513953
13852386.47461, 8515002
13857421.87500, 8516298
13862457.27539, 8514601
13867492.67578, 8516374
13872528.07617, 8516812
13877563.47656, 8516336
13882598.87695, 8516793
13887634.27734, 8517232
13892669.67773, 8515783
13897705.07812, 8514601
13902740.47852, 8514925
13907775.87891, 8516069
13912811.27930, 8516374
13917846.67969, 8517098
13922882.08008, 8514601
13927917.48047, 8516107
13932952.88086, 8515516
13937988.28125, 8516050
13943023.68164, 8514735
13948059.08203, 8515936
13953094.48242, 8516603
13958129.88281, 8516946
13963165.28320, 8515631
13968200.68359, 8514849
13973236.08398, 8514430
13978271.48438, 8512314
13983306.88477, 8513400
13988342.28516, 8513419
13993377.68555, 8513458
13998413.08594, 8514677
14003448.48633, 8513172
14008483.88672, 8513133
14013519.28711, 8513458
14018554.68750, 8513400
14023590.08789, 8512314
14028625.48828, 8511894
14033660.88867, 8512676
14038696.28906, 8512581
14043731.68945, 8514601
14048767.08984, 8512219
14053802.49023, 8513477
14058837.89062, 8513210
14063873.29102, 8511818
14068908.69141, 8512371
14073944.09180, 8513877
14078979.49219, 8513286
14084014.89258, 8512123
14089050.29297, 8511513
14094085.69336, 8513076
14099121.09375, 8511075
14104156.49414, 8512657
14109191.89453, 8513458
14114227.29492, 8514106
14119262.69531, 8513438
14124298.09570, 8514639
14129333.49609, 8515859
14134368.89648, 8515821
14139404.29688, 8515173
14144439.69727, 8514906
14149475.09766, 8513553
14154510.49805, 8514125
14159545.89844, 8514373
14164581.29883, 8514544
14169616.69922, 8514296
14174652.09961, 8514487
14179687.50000, 8515993
14184722.90039, 8514468
14189758.30078, 8514029
14194793.70117, 8514506
14199829.10156, 8514849
14204864.50195, 8512447
14209899.90234, 8514716
14214935.30273, 8514353
14219970.70312, 8514830
14225006.10352, 8514887
14230041.50391, 8514220
14235076.90430, 8515211
14240112.30469, 8513934
14245147.70508, 8512104
14250183.10547, 8511418
14255218.50586, 8512314
14260253.90625, 8513133
14265289.30664, 8513782
14270324.70703, 8514506
14275360.10742, 8512562
14280395.50781, 8513572
14285430.90820, 8512905
14290466.30859, 8512695
14295501.70898, 8514010
14300537.10938, 8512829
14305572.50977, 8513686
14310607.91016, 8512009
14315643.31055, 8513191
14320678.71094, 8514125
14325714.11133, 8512409
14330749.51172, 8512829
14335784.91211, 8513610
14340820.31250, 8512600
14345855.71289, 8514315
14350891.11328, 8513114
14355926.51367, 8512924
14360961.91406, 8512638
14365997.31445, 8512771
14371032.71484, 8512485
14376068.11523, 8511933
14381103.51562, 8512504
14386138.91602, 8513591
14391174.31641, 8513553
14396209.71680, 8514163
14401245.11719, 8513114
14406280.51758, 8512676
14411315.91797, 8512447
14416351.31836, 8511990
14421386.71875, 8512714
14426422.11914, 8512981
14431457.51953, 8512676
14436492.91992, 8512695
14441528.32031, 8513191
14446563.72070, 8513610
14451599.12109, 8515268
14456634.52148, 8515364
14461669.92188, 8513210
14466705.32227, 8513458
14471740.72266, 8513000
14476776.12305, 8511952
14481811.52344, 8512657
14486846.92383, 8513076
14491882.32422, 8513782
14496917.72461, 8513915
14501953.12500, 8513534
14506988.52539, 8512962
14512023.92578, 8513686
14517059.32617, 8513724
14522094.72656, 8512333
14527130.12695, 8512428
14532165.52734, 8512657
14537200.92773, 8512829
14542236.32812, 8511132
14547271.72852, 8511875
14552307.12891, 8511265
14557342.52930, 8511361
14562377.92969, 8511265
14567413.33008, 8511933
14572448.73047, 8511094
14577484.13086, 8509741
14582519.53125, 8510770
14587554.93164, 8511075
14592590.33203, 8509741
14597625.73242, 8511685
14602661.13281, 8511456
14607696.53320, 8510198
14612731.93359, 8509073
14617767.33398, 8510331
14622802.73438, 8512257
14627838.13477, 8510770
14632873.53516, 8510922
14637908.93555, 8511304
14642944.33594, 8512524
14647979.73633, 8513381
14653015.13672, 8513763
14658050.53711, 8512199
14663085.93750, 8511380
14668121.33789, 8511494
14673156.73828, 8512733
14678192.13867, 8511589
14683227.53906, 8511990
14688262.93945, 8512524
14693298.33984, 8512352
14698333.74023, 8513877
14703369.14062, 8512409
14708404.54102, 8514487
14713439.94141, 8512924
14718475.34180, 8511837
14723510.74219, 8513858
14728546.14258, 8514697
14733581.54297, 8513076
14738616.94336, 8515326
14743652.34375, 8513381
14748687.74414, 8513458
14753723.14453, 8514163
14758758.54492, 8512524
14763793.94531, 8512771
14768829.34570, 8512752
14773864.74609, 8512485
14778900.14648, 8513648
14783935.54688, 8513667
14788970.94727, 8513839
14794006.34766, 8512428
14799041.74805, 8513591
14804077.14844, 8512295
14809112.54883, 8511742
14814147.94922, 8511113
14819183.34961, 8511799
14824218.75000, 8513934
14829254.15039, 8512867
14834289.55078, 8513076
14839324.95117, 8513343
14844360.35156, 8513324
14849395.75195, 8513172
14854431.15234, 8512238
14859466.55273, 8512924
14864501.95312, 8513324
14869537.35352, 8512924
14874572.75391, 8512333
14879608.15430, 8513896
14884643.55469, 8512581
14889678.95508, 8512771
14894714.35547, 8512524
14899749.75586, 8513591
14904785.15625, 8513076
14909820.55664, 8514068
14914855.95703, 8514125
14919891.35742, 8513972
14924926.75781, 8512924
14929962.15820, 8513458
14934997.55859, 8513191
14940032.95898, 8513057
14945068.35938, 8512142
14950103.75977, 8512981
14955139.16016, 8514353
14960174.56055, 8513801
14965209.96094, 8513229
14970245.36133, 8513801
14975280.76172, 8512943
14980316.16211, 8513820
14985351.56250, 8513095
14990386.96289, 8514201
14995422.36328, 8513095
15000457.76367, 8512390
15005493.16406, 8513324
15010528.56445, 8512562
15015563.96484, 8512695
15020599.36523, 8512638
15025634.76562, 8512219
15030670.16602, 8511914
15035705.56641, 8513648
15040740.96680, 8513591
15045776.36719, 8512676
15050811.76758, 8513305
15055847.16797, 8512009
15060882.56836, 8513248
15065917.96875, 8513419
15070953.36914, 8513381
15075988.76953, 8513724
15081024.16992, 8512409
15086059.57031, 8511609
15091094.97070, 8512085
15096130.37109, 8512714
15101165.77148, 8512047
15106201.17188, 8512390
15111236.57227, 8512619
15116271.97266, 8512028
15121307.37305, 8512333
15126342.77344, 8511246
15131378.17383, 8512771
15136413.57422, 8511666
15141448.97461, 8511056
15146484.37500, 8512905
15151519.77539, 8511990
15156555.17578, 8513724
15161590.57617, 8512238
15166625.97656, 8513610
15171661.37695, 8514220
15176696.77734, 8514944
15181732.17773, 8514677
15186767.57812, 8514125
15191802.97852, 8515478
15196838.37891, 8514087
15201873.77930, 8513667
15206909.17969, 8514392
15211944.58008, 8513534
15216979.98047, 8514373
15222015.38086, 8513019
15227050.78125, 8513153
15232086.18164, 8513191
15237121.58203, 8512771
15242156.98242, 8513896
15247192.38281, 8513229
15252227.78320, 8512943
15257263.18359, 8511666
15262298.58398, 8512352
15267333.98438, 8510065
15272369.38477, 8508101
15277404.78516, 8511018
15282440.18555, 8509779
15287475.58594, 8509741
15292510.98633, 8509702
15297546.38672, 8509436
15302581.78711, 8509035
15307617.18750, 8511723
15312652.58789, 8512066
15317687.98828, 8511856
15322723.38867, 8511094
15327758.78906, 8512485
15332794.18945, 8509912
15337829.58984, 8510884
15342864.99023, 8510922
15347900.39062, 8511856
15352935.79102, 8511666
15357971.19141, 8510579
15363006.59180, 8511456
15368041.99219, 8513153
15373077.39258, 8511132
15378112.79297, 8510865
15383148.19336, 8510350
15388183.59375, 8513686
15393218.99414, 8511647
15398254.39453, 8512790
15403289.79492, 8513496
15408325.19531, 8512752
15413360.59570, 8514125
15418395.99609, 8514677
15423431.39648, 8513248
15428466.79688, 8513381
15433502.19727, 8512905
15438537.59766, 8513991
15443572.99805, 8514677
15448608.39844, 8514487
15453643.79883, 8514048
15458679.19922, 8514639
15463714.59961, 8514849
15468750.00000, 8513496
15473785.40039, 8511837
15478820.80078, 8512066
15483856.20117, 8512123
15488891.60156, 8511380
15493927.00195, 8512657
15498962.40234, 8511609
15503997.80273, 8513076
15509033.20312, 8512962
15514068.60352, 8513343
15519104.00391, 8512276
15524139.40430, 8514144
15529174.80469, 8513286
15534210.20508, 8512524
15539245.60547, 8514506
15544281.00586, 8512962
15549316.40625, 8512981
15554351.80664, 8514144
15559387.20703, 8513248
15564422.60742, 8516126
15569458.00781, 8514506
15574493.40820, 8514811
15579528.80859, 8514658
15584564.20898, 8514106
15589599.60938, 8511990
15594635.00977, 8513229
15599670.41016, 8513095
15604705.81055, 8512047
15609741.21094, 8511761
15614776.61133, 8512886
15619812.01172, 8512733
15624847.41211, 8513496
15629882.81250, 8514373
15634918.21289, 8514639
15639953.61328, 8515707
15644989.01367, 8514296
15650024.41406, 8514716
15655059.81445, 8514201
15660095.21484, 8513896
15665130.61523, 8513477
15670166.01562, 8515497
15675201.41602, 8516164
15680236.81641, 8516202
15685272.21680, 8515230
15690307.61719, 8517022
15695343.01758, 8515268
15700378.41797, 8516241
15705413.81836, 8516679
15710449.21875, 8515745
15715484.61914, 8515974
15720520.01953, 8515802
15725555.41992, 8514620
15730590.82031, 8514697
15735626.22070, 8514716
15740661.62109, 8512848
15745697.02148, 8514201
15750732.42188, 8514296
15755767.82227, 8511780
15760803.22266, 8514010
15765838.62305, 8512905
15770874.02344, 8513038
15775909.42383, 8512142
15780944.82422, 8510598
15785980.22461, 8512886
15791015.62500, 8514525
15796051.02539, 8513934
15801086.42578, 8514944
15806121.82617, 8512733
15811157.22656, 8514392
15816192.62695, 8512752
15821228.02734, 8514010
15826263.42773, 8513343
15831298.82812, 8512886
15836334.22852, 8512809
15841369.62891, 8514315
15846405.02930, 8513991
15851440.42969, 8513038
15856475.83008, 8513191
15861511.23047, 8513553
15866546.63086, 8512848
15871582.03125, 8511418
15876617.43164, 8513248
15881652.83203, 8511132
15886688.23242, 8511304
15891723.63281, 8511628
15896759.03320, 8511113
15901794.43359, 8511285
15906829.83398, 8512543
15911865.23438, 8513553
15916900.63477, 8511685
15921936.03516, 8514811
15926971.43555, 8515402
15932006.83594, 8514029
15937042.23633, 8512905
15942077.63672, 8513381
15947113.03711, 8513076
15952148.43750, 8512104
15957183.83789, 8512104
15962219.23828, 8512943
15967254.63867, 8512161
15972290.03906, 8512180
15977325.43945, 8512924
15982360.83984, 8511227
15987396.24023, 8511513
15992431.64062, 8510160
15997467.04102, 8511037
16002502.44141, 8510770
16007537.84180, 8511437
16012573.24219, 8512047
16017608.64258, 8512809
16022644.04297, 8511666
16027679.44336, 8511513
16032714.84375, 8512562
16037750.24414, 8511894
16042785.64453, 8512752
16047821.04492, 8511990
16052856.44531, 8512867
16057891.84570, 8512238
16062927.24609, 8513496
16067962.64648, 8512657
16072998.04688, 8512352
16078033.44727, 8512485
16083068.84766, 8512180
16088104.24805, 8512581
16093139.64844, 8514373
16098175.04883, 8513858
16103210.44922, 8513191
16108245.84961, 8512867
16113281.25000, 8512447
16118316.65039, 8513114
16123352.05078, 8513801
16128387.45117, 8512924
16133422.85156, 8512619
16138458.25195, 8512219
16143493.65234, 8512238
16148529.05273, 8513496
16153564.45312, 8512771
16158599.85352, 8512104
16163635.25391, 8512524
16168670.65430, 8512219
16173706.05469, 8512047
16178741.45508, 8512905
16183776.85547, 8515364
16188812.25586, 8513705
16193847.65625, 8514639
16198883.05664, 8513972
16203918.45703, 8512371
16208953.85742, 8511265
16213989.25781, 8512714
16219024.65820, 8511475
16224060.05859, 8513438
16229095.45898, 8512771
16234130.85938, 8511723
16239166.25977, 8513458
16244201.66016, 8512390
16249237.06055, 8512943
16254272.46094, 8513324
16259307.86133, 8512981
16264343.26172, 8512447
16269378.66211, 8513572
16274414.06250, 8513324
16279449.46289, 8511914
16284484.86328, 8511056
16289520.26367, 8512504
16294555.66406, 8513801
16299591.06445, 8513534
16304626.46484, 8512733
16309661.86523, 8514163
16314697.26562, 8511799
16319732.66602, 8515326
16324768.06641, 8513019
16329803.46680, 8511628
16334838.86719, 8512600
16339874.26758, 8513686
16344909.66797, 8513419
16349945.06836, 8512428
16354980.46875, 8513038
16360015.86914, 8513076
16365051.26953, 8512619
16370086.66992, 8513839
16375122.07031, 8511875
16380157.47070, 8511285
16385192.87109, 8509607
16390228.27148, 8511151
16395263.67188, 8511399
16400299.07227, 8512104
16405334.47266, 8511361
16410369.87305, 8511914
16415405.27344, 8513381
16420440.67383, 8513019
16425476.07422, 8512790
16430511.47461, 8513801
16435546.87500, 8515059
16440582.27539, 8515326
16445617.67578, 8515097
16450653.07617, 8513991
16455688.47656, 8515345
16460723.87695, 8514010
16465759.27734, 8513153
16470794.67773, 8514087
16475830.07812, 8511494
16480865.47852, 8513820
16485900.87891, 8512657
16490936.27930, 8514449
16495971.67969, 8513839
16501007.08008, 8512123
16506042.48047, 8513667
16511077.88086, 8514163
16516113.28125, 8514373
16521148.68164, 8514773
16526184.08203, 8513953
16531219.48242, 8513572
16536254.88281, 8514087
16541290.28320, 8512295
16546325.68359, 8512581
16551361.08398, 8513076
16556396.48438, 8513458
16561431.88477, 8512543
16566467.28516, 8511933
16571502.68555, 8513553
16576538.08594, 8513458
16581573.48633, 8512447
16586608.88672, 8512905
16591644.28711, 8513572
16596679.68750, 8514087
16601715.08789, 8513534
16606750.48828, 8512428
16611785.88867, 8512543
16616821.28906, 8512352
16621856.68945, 8514925
16626892.08984, 8514315
16631927.49023, 8514277
16636962.89062, 8513705
16641998.29102, 8513343
16647033.69141, 8513153
16652069.09180, 8512524
16657104.49219, 8513114
16662139.89258, 8513381
16667175.29297, 8513191
16672210.69336, 8511742
16677246.09375, 8510255
16682281.49414, 8511265
16687316.89453, 8512066
16692352.29492, 8512600
16697387.69531, 8511799
16702423.09570, 8513972
16707458.49609, 8514334
16712493.89648, 8513610
16717529.29688, 8514277
16722564.69727, 8513515
16727600.09766, 8513191
16732635.49805, 8513477
16737670.89844, 8512809
16742706.29883, 8514658
16747741.69922, 8513000
16752777.09961, 8513858
16757812.50000, 8514563
16762847.90039, 8513553
16767883.30078, 8513362
16772918.70117, 8512695
16777954.10156, 8513877
16782989.50195, 8512085
16788024.90234, 8512581
16793060.30273, 8513915
16798095.70312, 8513362
16803131.10352, 8513724
16808166.50391, 8513286
16813201.90430, 8512009
16818237.30469, 8511456
16823272.70508, 8511628
16828308.10547, 8511246
16833343.50586, 8512066
16838378.90625, 8510999
16843414.30664, 8511799
16848449.70703, 8511952
16853485.10742, 8513400
16858520.50781, 8512104
16863555.90820, 8513553
16868591.30859, 8514792
16873626.70898, 8514849
16878662.10938, 8515078
16883697.50977, 8516793
16888732.91016, 8515573
16893768.31055, 8515497
16898803.71094, 8515821
16903839.11133, 8516526
16908874.51172, 8517327
16913909.91211, 8517270
16918945.31250, 8518623
16923980.71289, 8516431
16929016.11328, 8518528
16934051.51367, 8517441
16939086.91406, 8516908
16944122.31445, 8515612
16949157.71484, 8515383
16954193.11523, 8516965
16959228.51562, 8515878
16964263.91602, 8514925
16969299.31641, 8514716
16974334.71680, 8515059
16979370.11719, 8514620
16984405.51758, 8515707
16989440.91797, 8514506
16994476.31836, 8513553
16999511.71875, 8512581
17004547.11914, 8512733
17009582.51953, 8512504
17014617.91992, 8512447
17019653.32031, 8512809
17024688.72070, 8510903
17029724.12109, 8514029
17034759.52148, 8513629
17039794.92188, 8514163
17044830.32227, 8511875
17049865.72266, 8510007
17054901.12305, 8510065
17059936.52344, 8509054
17064971.92383, 8508158
17070007.32422, 8508978
17075042.72461, 8510179
17080078.12500, 8509474
17085113.52539, 8509683
17090148.92578, 8508330
17095184.32617, 8509779
17100219.72656, 8510274
17105255.12695, 8511056
17110290.52734, 8511609
17115325.92773, 8512466
17120361.32812, 8510465
17125396.72852, 8510217
17130432.12891, 8510655
17135467.52930, 8510350
17140502.92969, 8510922
17145538.33008, 8511952
17150573.73047, 8511323
17155609.13086, 8512600
17160644.53125, 8514677
17165679.93164, 8513133
17170715.33203, 8513743
17175750.73242, 8514506
17180786.13281, 8513934
17185821.53320, 8511570
17190856.93359, 8512771
17195892.33398, 8512600
17200927.73438, 8513305
17205963.13477, 8514353
17210998.53516, 8514544
17216033.93555, 8513743
17221069.33594, 8514449
17226104.73633, 8516050
17231140.13672, 8516355
17236175.53711, 8516317
17241210.93750, 8515783
17246246.33789, 8515516
17251281.73828, 8514811
17256317.13867, 8514010
17261352.53906, 8515688
17266387.93945, 8514315
17271423.33984, 8515173
17276458.74023, 8514068
17281494.14062, 8515287
17286529.54102, 8514239
17291564.94141, 8514029
17296600.34180, 8514868
17301635.74219, 8514792
17306671.14258, 8515097
17311706.54297, 8515249
17316741.94336, 8515974
17321777.34375, 8514677
17326812.74414, 8514773
17331848.14453, 8514163
17336883.54492, 8513591
17341918.94531, 8513172
17346954.34570, 8514106
17351989.74609, 8515669
17357025.14648, 8515097
17362060.54688, 8515707
17367095.94727, 8513858
17372131.34766, 8515859
17377166.74805, 8514868
17382202.14844, 8513286
17387237.54883, 8513934
17392272.94922, 8513572
17397308.34961, 8512485
17402343.75000, 8514982
17407379.15039, 8514468
17412414.55078, 8514735
17417449.95117, 8515230
17422485.35156, 8515459
17427520.75195, 8514735
17432556.15234, 8514906
17437591.55273, 8513286
17442626.95312, 8515345
17447662.35352, 8514087
17452697.75391, 8514334
17457733.15430, 8513534
17462768.55469, 8515002
17467803.95508, 8515955
17472839.35547, 8514773
17477874.75586, 8515707
17482910.15625, 8514468
17487945.55664, 8512600
17492980.95703, 8513286
17498016.35742, 8512333
17503051.75781, 8513381
17508087.15820, 8510922
17513122.55859, 8511628
17518157.95898, 8512543
17523193.35938, 8513496
17528228.75977, 8511742
17533264.16016, 8511704
17538299.56055, 8510846
17543334.96094, 8512238
17548370.36133, 8510541
17553405.76172, 8511952
17558441.16211, 8511761
17563476.56250, 8512161
17568511.96289, 8512504
17573547.36328, 8511551
17578582.76367, 8512047
17583618.16406, 8512352
17588653.56445, 8512466
17593688.96484, 8511475
17598724.36523, 8512524
17603759.76562, 8513553
17608795.16602, 8512943
17613830.56641, 8513286
17618865.96680, 8512600
17623901.36719, 8513400
17628936.76758, 8513801
17633972.16797, 8513210
17639007.56836, 8512943
17644042.96875, 8514525
17649078.36914, 8515535
17654113.76953, 8515726
17659149.16992, 8514830
17664184.57031, 8514944
17669219.97070, 8514506
17674255.37109, 8514601
17679290.77148, 8515078
17684326.17188, 8514106
17689361.57227, 8514887
17694396.97266, 8514315
17699432.37305, 8516336
17704467.77344, 8516755
17709503.17383, 8516374
17714538.57422, 8516526
17719573.97461, 8516431
17724609.37500, 8517098
17729644.77539, 8516927
17734680.17578, 8516450
17739715.57617, 8515287
17744750.97656, 8515573
17749786.37695, 8515287
17754821.77734, 8514048
17759857.17773, 8512924
17764892.57812, 8514258
17769927.97852, 8513991
17774963.37891, 8514525
17779998.77930, 8512371
17785034.17969, 8514735
17790069.58008, 8513305
17795104.98047, 8514411
17800140.38086, 8513343
17805175.78125, 8513133
17810211.18164, 8512562
17815246.58203, 8512314
17820281.98242, 8512314
17825317.38281, 8513591
17830352.78320, 8514144
17835388.18359, 8513686
17840423.58398, 8514239
17845458.98438, 8514277
17850494.38477, 8514563
17855529.78516, 8514010
17860565.18555, 8513076
17865600.58594, 8513534
17870635.98633, 8513229
17875671.38672, 8513705
17880706.78711, 8514697
17885742.18750, 8514163
17890777.58789, 8514277
17895812.98828, 8514182
17900848.38867, 8514315
17905883.78906, 8512257
17910919.18945, 8513610
17915954.58984, 8513343
17920989.99023, 8513648
17926025.39062, 8512371
17931060.79102, 8513114
17936096.19141, 8513210
17941131.59180, 8514277
17946166.99219, 8513095
17951202.39258, 8513763
17956237.79297, 8513572
17961273.19336, 8513801
17966308.59375, 8514277
17971343.99414, 8512924
17976379.39453, 8512295
17981414.79492, 8514906
17986450.19531, 8513763
17991485.59570, 8513877
17996520.99609, 8513553
18001556.39648, 8513629
18006591.79688, 8514239
18011627.19727, 8513877
18016662.59766, 8513286
18021697.99805, 8514029
18026733.39844, 8514658
18031768.79883, 8513553
18036804.19922, 8514620
18041839.59961, 8514029
18046875.00000, 8514315
18051910.40039, 8512371
18056945.80078, 8512695
18061981.20117, 8511589
18067016.60156, 8511952
18072052.00195, 8512619
18077087.40234, 8513210
18082122.80273, 8512142
18087158.20312, 8514716
18092193.60352, 8514582
18097229.00391, 8514468
18102264.40430, 8513210
18107299.80469, 8511799
18112335.20508, 8511647
18117370.60547, 8511151
18122406.00586, 8510827
18127441.40625, 8512695
18132476.80664, 8512466
18137512.20703, 8514277
18142547.60742, 8514620
18147583.00781, 8514506
18152618.40820, 8514468
18157653.80859, 8514048
18162689.20898, 8512905
18167724.60938, 8514601
18172760.00977, 8514315
18177795.41016, 8514487
18182830.81055, 8513629
18187866.21094, 8514639
18192901.61133, 8513515
18197937.01172, 8512428
18202972.41211, 8512238
18208007.81250, 8513496
18213043.21289, 8513038
18218078.61328, 8513858
18223114.01367, 8513153
18228149.41406, 8513057
18233184.81445, 8513076
18238220.21484, 8514277
18243255.61523, 8515688
18248291.01562, 8514182
18253326.41602, 8515287
18258361.81641, 8515802
18263397.21680, 8515307
18268432.61719, 8514525
18273468.01758, 8515192
18278503.41797, 8516374
18283538.81836, 8515478
18288574.21875, 8516469
18293609.61914, 8514068
18298645.01953, 8513076
18303680.41992, 8513248
18308715.82031, 8514601
18313751.22070, 8514182
18318786.62109, 8514849
18323822.02148, 8514735
18328857.42188, 8516279
18333892.82227, 8515268
18338928.22266, 8514658
18343963.62305, 8515478
18348999.02344, 8514849
18354034.42383, 8514716
18359069.82422, 8515097
18364105.22461, 8514944
18369140.62500, 8515383
18374176.02539, 8513953
18379211.42578, 8512676
18384246.82617, 8511780
18389282.22656, 8512790
18394317.62695, 8512943
18399353.02734, 8513877
18404388.42773, 8514125
18409423.82812, 8514296
18414459.22852, 8513858
18419494.62891, 8515116
18424530.02930, 8516012
18429565.42969, 8514392
18434600.83008, 8513381
18439636.23047, 8513114
18444671.63086, 8511628
18449707.03125, 8512771
18454742.43164, 8513114
18459777.83203, 8512619
18464813.23242, 8512428
18469848.63281, 8514220
18474884.03320, 8513648
18479919.43359, 8513667
18484954.83398, 8513038
18489990.23438, 8513534
18495025.63477, 8516145
18500061.03516, 8514468
18505096.43555, 8514582
18510131.83594, 8514373
18515167.23633, 8514125
18520202.63672, 8514334
18525238.03711, 8515040
18530273.43750, 8513572
18535308.83789, 8512886
18540344.23828, 8512009
18545379.63867, 8512504
18550415.03906, 8512562
18555450.43945, 8512390
18560485.83984, 8513229
18565521.24023, 8511952
18570556.64062, 8512733
18575592.04102, 8513114
18580627.44141, 8511532
18585662.84180, 8511666
18590698.24219, 8511723
18595733.64258, 8511189
18600769.04297, 8511780
18605804.44336, 8511189
18610839.84375, 8511513
18615875.24414, 8510408
18620910.64453, 8512161
18625946.04492, 8511475
18630981.44531, 8509874
18636016.84570, 8511666
18641052.24609, 8512104
18646087.64648, 8512085
18651123.04688, 8512142
18656158.44727, 8512314
18661193.84766, 8512028
18666229.24805, 8511151
18671264.64844, 8511723
18676300.04883, 8511342
18681335.44922, 8510103
18686370.84961, 8511304
18691406.25000, 8513763
18696441.65039, 8513191
18701477.05078, 8510522
18706512.45117, 8512161
18711547.85156, 8510941
18716583.25195, 8512028
18721618.65234, 8511685
18726654.05273, 8511589
18731689.45312, 8512085
18736724.85352, 8511856
18741760.25391, 8513438
18746795.65430, 8513114
18751831.05469, 8513477
18756866.45508, 8513362
18761901.85547, 8513477
18766937.25586, 8513610
18771972.65625, 8513267
18777008.05664, 8512905
18782043.45703, 8513229
18787078.85742, 8513763
18792114.25781, 8515230
18797149.65820, 8515002
18802185.05859, 8515802
18807220.45898, 8515154
18812255.85938, 8513629
18817291.25977, 8512219
18822326.66016, 8513438
18827362.06055, 8512867
18832397.46094, 8512314
18837432.86133, 8512238
18842468.26172, 8513095
18847503.66211, 8513019
18852539.06250, 8513934
18857574.46289, 8512219
18862609.86328, 8512943
18867645.26367, 8512257
18872680.66406, 8514430
18877716.06445, 8513057
18882751.46484, 8511914
18887786.86523, 8513248
18892822.26562, 8513133
18897857.66602, 8513667
18902893.06641, 8513191
18907928.46680, 8513667
18912963.86719, 8514029
18917999.26758, 8515021
18923034.66797, 8513782
18928070.06836, 8514373
18933105.46875, 8513438
18938140.86914, 8513972
18943176.26953, 8511475
18948211.66992, 8512581
18953247.07031, 8512047
18958282.47070, 8511723
18963317.87109, 8512066
18968353.27148, 8513286
18973388.67188, 8512066
18978424.07227, 8511418
18983459.47266, 8512485
18988494.87305, 8512733
18993530.27344, 8511189
18998565.67383, 8510122
19003601.07422, 8511742
19008636.47461, 8513210
19013671.87500, 8512295
19018707.27539, 8513839
19023742.67578, 8512028
19028778.07617, 8513305
19033813.47656, 8512352
19038848.87695, 8512390
19043884.27734, 8512123
19048919.67773, 8512409
19053955.07812, 8512733
19058990.47852, 8514449
19064025.87891, 8513991
19069061.27930, 8513763
19074096.67969, 8514773
19079132.08008, 8514487
19084167.48047, 8513286
19089202.88086, 8515059
19094238.28125, 8514068
19099273.68164, 8513782
19104309.08203, 8513019
19109344.48242, 8513991
19114379.88281, 8513858
19119415.28320, 8513248
19124450.68359, 8513419
19129486.08398, 8514048
19134521.48438, 8514811
19139556.88477, 8514449
19144592.28516, 8514582
19149627.68555, 8514144
19154663.08594, 8513839
19159698.48633, 8513324
19164733.88672, 8513896
19169769.28711, 8512543
19174804.68750, 8513172
19179840.08789, 8513743
19184875.48828, 8513858
19189910.88867, 8515345
19194946.28906, 8513820
19199981.68945, 8514353
19205017.08984, 8515878
19210052.49023, 8515097
19215087.89062, 8514373
19220123.29102, 8515002
19225158.69141, 8513972
19230194.09180, 8514906
19235229.49219, 8514944
19240264.89258, 8513419
19245300.29297, 8513534
19250335.69336, 8514773
19255371.09375, 8513591
19260406.49414, 8513820
19265441.89453, 8514868
19270477.29492, 8513248
19275512.69531, 8513934
19280548.09570, 8514296
19285583.49609, 8513534
19290618.89648, 8514601
19295654.29688, 8514582
19300689.69727, 8512867
19305725.09766, 8512943
19310760.49805, 8512180
19315795.89844, 8510217
19320831.29883, 8511094
19325866.69922, 8510846
19330902.09961, 8512409
19335937.50000, 8512733
19340972.90039, 8511818
19346008.30078, 8512199
19351043.70117, 8510198
19356079.10156, 8511265
19361114.50195, 8512104
19366149.90234, 8513496
19371185.30273, 8513915
19376220.70312, 8513667
19381256.10352, 8513000
19386291.50391, 8512981
19391326.90430, 8514277
19396362.30469, 8513591
19401397.70508, 8514582
19406433.10547, 8514449
19411468.50586, 8514716
19416503.90625, 8514220
19421539.30664, 8515535
19426574.70703, 8514449
19431610.10742, 8513172
19436645.50781, 8513267
19441680.90820, 8514373
19446716.30859, 8514830
19451751.70898, 8516603
19456787.10938, 8515478
19461822.50977, 8515650
19466857.91016, 8513820
19471893.31055, 8514315
19476928.71094, 8515230
19481964.11133, 8513763
19486999.51172, 8513896
19492034.91211, 8513743
19497070.31250, 8513686
19502105.71289, 8513953
19507141.11328, 8514754
19512176.51367, 8515707
19517211.91406, 8515974
19522247.31445, 8515859
19527282.71484, 8515249
19532318.11523, 8515345
19537353.51562, 8515631
19542388.91602, 8515402
19547424.31641, 8514773
19552459.71680, 8514887
19557495.11719, 8514087
19562530.51758, 8515268
19567565.91797, 8514544
19572601.31836, 8515859
19577636.71875, 8515211
19582672.11914, 8515802
19587707.51953, 8516279
19592742.91992, 8515192
19597778.32031, 8517213
19602813.72070, 8515955
19607849.12109, 8514201
19612884.52148, 8514963
19617919.92188, 8516050
19622955.32227, 8516450
19627990.72266, 8518128
19633026.12305, 8517441
19638061.52344, 8516507
19643096.92383, 8515688
19648132.32422, 8516793
19653167.72461, 8515745
19658203.12500, 8515631
19663238.52539, 8515631
19668273.92578, 8515878
19673309.32617, 8515497
19678344.72656, 8515326
19683380.12695, 8516164
19688415.52734, 8515783
19693450.92773, 8514906
19698486.32812, 8515383
19703521.72852, 8514258
19708557.12891, 8513553
19713592.52930, 8514125
19718627.92969, 8513591
19723663.33008, 8516088
19728698.73047, 8513057
19733734.13086, 8514048
19738769.53125, 8514601
19743804.93164, 8513820
19748840.33203, 8513610
19753875.73242, 8512962
19758911.13281, 8515421
19763946.53320, 8515974
19768981.93359, 8514792
19774017.33398, 8513743
19779052.73438, 8515783
19784088.13477, 8515002
19789123.53516, 8516660
19794158.93555, 8517365
19799194.33594, 8517289
19804229.73633, 8515707
19809265.13672, 8515497
19814300.53711, 8516946
19819335.93750, 8514677
19824371.33789, 8514296
19829406.73828, 8513839
19834442.13867, 8513381
19839477.53906, 8514029
19844512.93945, 8514010
19849548.33984, 8513782
19854583.74023, 8513896
19859619.14062, 8514048
19864654.54102, 8514411
19869689.94141, 8514697
19874725.34180, 8515726
19879760.74219, 8515669
19884796.14258, 8514963
19889831.54297, 8514773
19894866.94336, 8513915
19899902.34375, 8513667
19904937.74414, 8513858
19909973.14453, 8512981
19915008.54492, 8513000
19920043.94531, 8512638
19925079.34570, 8515002
19930114.74609, 8514868
19935150.14648, 8514163
19940185.54688, 8513572
19945220.94727, 8514735
19950256.34766, 8513763
19955291.74805, 8514887
19960327.14844, 8514658
19965362.54883, 8514220
19970397.94922, 8513763
19975433.34961, 8514906
19980468.75000, 8515059
19985504.15039, 8513438
19990539.55078, 8513782
19995574.95117, 8515154
20000610.35156, 8514182
