0.00000, 15.25879
5035.40039, -10.68115
10070.80078, -9.15527
15106.20117, -12.20703
20141.60156, -13.73291
25177.00195, -9.15527
30212.40234, -6.10352
35247.80273, -12.20703
40283.20312, -9.15527
45318.60352, -9.15527
50354.00391, -9.15527
55389.40430, -10.68115
60424.80469, -9.15527
65460.20508, -7.62940
70495.60547, -12.20703
75531.00586, -6.10352
80566.40625, -15.25879
85601.80664, -10.68115
90637.20703, -10.68115
95672.60742, -7.62940
100708.00781, -12.20703
105743.40820, -9.15527
110778.80859, -9.15527
115814.20898, -7.62940
120849.60938, -10.68115
125885.00977, -6.10352
130920.41016, -13.73291
135955.81055, -7.62940
140991.21094, -12.20703
146026.61133, -10.68115
151062.01172, -6.10352
156097.41211, -9.15527
161132.81250, -10.68115
166168.21289, -9.15527
171203.61328, -7.62940
176239.01367, -10.68115
181274.41406, -7.62940
186309.81445, -9.15527
191345.21484, -6.10352
196380.61523, -9.15527
201416.01562, -9.15527
206451.41602, -12.20703
211486.81641, -9.15527
216522.21680, -9.15527
221557.61719, -12.20703
226593.01758, -9.15527
231628.41797, -13.73291
236663.81836, -10.68115
241699.21875, -6.10352
246734.61914, -12.20703
251770.01953, -7.62940
256805.41992, -10.68115
261840.82031, -12.20703
266876.22070, -10.68115
271911.62109, -15.25879
276947.02148, -10.68115
281982.42188, -10.68115
287017.82227, -10.68115
292053.22266, -15.25879
297088.62305, -10.68115
302124.02344, -7.62940
307159.42383, -6.10352
312194.82422, -13.73291
317230.22461, -13.73291
322265.62500, -9.15527
327301.02539, -9.15527
332336.42578, -9.15527
337371.82617, -7.62940
342407.22656, -10.68115
347442.62695, -7.62940
352478.02734, -10.68115
357513.42773, -10.68115
362548.82812, -7.62940
367584.22852, -12.20703
372619.62891, -9.15527
377655.02930, -10.68115
382690.42969, -6.10352
387725.83008, -10.68115
392761.23047, -12.20703
397796.63086, -10.68115
402832.03125, -9.15527
407867.43164, -9.15527
412902.83203, -9.15527
417938.23242, -13.73291
422973.63281, -4.57764
428009.03320, -12.20703
433044.43359, -9.15527
438079.83398, -10.68115
443115.23438, -12.20703
448150.63477, -13.73291
453186.03516, -13.73291
458221.43555, -9.15527
463256.83594, -10.68115
468292.23633, -7.62940
473327.63672, -10.68115
478363.03711, -9.15527
483398.43750, -9.15527
488433.83789, -12.20703
493469.23828, -10.68115
498504.63867, -9.15527
503540.03906, -12.20703
508575.43945, -9.15527
513610.83984, -7.62940
518646.24023, -9.15527
523681.64062, -10.68115
528717.04102, -9.15527
533752.44141, -12.20703
538787.84180, -10.68115
543823.24219, -9.15527
548858.64258, -12.20703
553894.04297, -12.20703
558929.44336, -6.10352
563964.84375, -12.20703
569000.24414, -7.62940
574035.64453, -7.62940
579071.04492, -10.68115
584106.44531, -9.15527
589141.84570, -9.15527
594177.24609, -9.15527
599212.64648, -7.62940
604248.04688, -12.20703
609283.44727, -7.62940
614318.84766, -15.25879
619354.24805, -10.68115
624389.64844, -7.62940
629425.04883, -10.68115
634460.44922, -15.25879
639495.84961, -12.20703
644531.25000, -10.68115
649566.65039, -9.15527
654602.05078, -12.20703
659637.45117, -7.62940
664672.85156, -10.68115
669708.25195, -10.68115
674743.65234, -12.20703
679779.05273, -9.15527
684814.45312, -9.15527
689849.85352, -10.68115
694885.25391, -7.62940
699920.65430, -7.62940
704956.05469, -10.68115
709991.45508, -7.62940
715026.85547, -9.15527
720062.25586, -10.68115
725097.65625, -10.68115
730133.05664, -6.10352
735168.45703, -10.68115
740203.85742, -7.62940
745239.25781, -9.15527
750274.65820, -9.15527
755310.05859, -13.73291
760345.45898, -7.62940
765380.85938, -12.20703
770416.25977, -9.15527
775451.66016, -6.10352
780487.06055, -12.20703
785522.46094, -10.68115
790557.86133, -9.15527
795593.26172, -12.20703
800628.66211, -10.68115
805664.06250, -9.15527
810699.46289, -12.20703
815734.86328, -10.68115
820770.26367, -7.62940
825805.66406, -12.20703
830841.06445, -7.62940
835876.46484, -12.20703
840911.86523, -10.68115
845947.26562, -10.68115
850982.66602, -9.15527
856018.06641, -6.10352
861053.46680, -12.20703
866088.86719, -9.15527
871124.26758, -12.20703
876159.66797, -12.20703
881195.06836, -10.68115
886230.46875, -7.62940
891265.86914, -10.68115
896301.26953, -7.62940
901336.66992, -10.68115
906372.07031, -6.10352
911407.47070, -9.15527
916442.87109, -12.20703
921478.27148, -7.62940
926513.67188, -12.20703
931549.07227, -12.20703
936584.47266, -18.31055
941619.87305, -12.20703
946655.27344, -12.20703
951690.67383, -13.73291
956726.07422, -9.15527
961761.47461, -7.62940
966796.87500, -12.20703
971832.27539, -10.68115
976867.67578, -10.68115
981903.07617, -10.68115
986938.47656, -10.68115
991973.87695, -10.68115
997009.27734, -12.20703
1002044.67773, -9.15527
1007080.07812, -6.10352
1012115.47852, -10.68115
1017150.87891, -15.25879
1022186.27930, -9.15527
1027221.67969, -10.68115
1032257.08008, -7.62940
1037292.48047, -10.68115
1042327.88086, -9.15527
1047363.28125, -13.73291
1052398.68164, -13.73291
1057434.08203, -12.20703
1062469.48242, -10.68115
1067504.88281, -12.20703
1072540.28320, -12.20703
1077575.68359, -9.15527
1082611.08398, -12.20703
1087646.48438, -4.57764
1092681.88477, -12.20703
1097717.28516, -15.25879
1102752.68555, -7.62940
1107788.08594, -6.10352
1112823.48633, -6.10352
1117858.88672, -12.20703
1122894.28711, -12.20703
1127929.68750, -6.10352
1132965.08789, -10.68115
1138000.48828, -10.68115
1143035.88867, -10.68115
1148071.28906, -7.62940
1153106.68945, -7.62940
1158142.08984, -10.68115
1163177.49023, -9.15527
1168212.89062, -12.20703
1173248.29102, -12.20703
1178283.69141, -9.15527
1183319.09180, -12.20703
1188354.49219, -9.15527
1193389.89258, -9.15527
1198425.29297, -4.57764
1203460.69336, -9.15527
1208496.09375, -9.15527
1213531.49414, -10.68115
1218566.89453, -7.62940
1223602.29492, -12.20703
1228637.69531, -9.15527
1233673.09570, -13.73291
1238708.49609, -7.62940
1243743.89648, -13.73291
1248779.29688, -6.10352
1253814.69727, -16.78467
1258850.09766, -9.15527
1263885.49805, -12.20703
1268920.89844, -12.20703
1273956.29883, -9.15527
1278991.69922, -15.25879
1284027.09961, -6.10352
1289062.50000, -10.68115
1294097.90039, -9.15527
1299133.30078, -13.73291
1304168.70117, -7.62940
1309204.10156, -10.68115
1314239.50195, -7.62940
1319274.90234, -13.73291
1324310.30273, -9.15527
1329345.70312, -10.68115
1334381.10352, -9.15527
1339416.50391, -12.20703
1344451.90430, -9.15527
1349487.30469, -12.20703
1354522.70508, -10.68115
1359558.10547, -9.15527
1364593.50586, -10.68115
1369628.90625, -15.25879
1374664.30664, -10.68115
1379699.70703, -9.15527
1384735.10742, -7.62940
1389770.50781, -10.68115
1394805.90820, -6.10352
1399841.30859, -10.68115
1404876.70898, -7.62940
1409912.10938, -9.15527
1414947.50977, -9.15527
1419982.91016, -9.15527
1425018.31055, -7.62940
1430053.71094, -7.62940
1435089.11133, -10.68115
1440124.51172, -12.20703
1445159.91211, -4.57764
1450195.31250, -9.15527
1455230.71289, -9.15527
1460266.11328, -9.15527
1465301.51367, -6.10352
1470336.91406, -10.68115
1475372.31445, -10.68115
1480407.71484, -12.20703
1485443.11523, -9.15527
1490478.51562, -6.10352
1495513.91602, -10.68115
1500549.31641, -10.68115
1505584.71680, -9.15527
1510620.11719, -13.73291
1515655.51758, -10.68115
1520690.91797, -6.10352
1525726.31836, -10.68115
1530761.71875, -9.15527
1535797.11914, -10.68115
1540832.51953, -6.10352
1545867.91992, -9.15527
1550903.32031, -9.15527
1555938.72070, -9.15527
1560974.12109, -10.68115
1566009.52148, -10.68115
1571044.92188, -10.68115
1576080.32227, -13.73291
1581115.72266, -9.15527
1586151.12305, -13.73291
1591186.52344, -9.15527
1596221.92383, -15.25879
1601257.32422, -10.68115
1606292.72461, -10.68115
1611328.12500, -10.68115
1616363.52539, -9.15527
1621398.92578, -9.15527
1626434.32617, -7.62940
1631469.72656, -12.20703
1636505.12695, -12.20703
1641540.52734, -9.15527
1646575.92773, -10.68115
1651611.32812, -12.20703
1656646.72852, -12.20703
1661682.12891, -12.20703
1666717.52930, -7.62940
1671752.92969, -12.20703
1676788.33008, -9.15527
1681823.73047, -12.20703
1686859.13086, -10.68115
1691894.53125, -7.62940
1696929.93164, -12.20703
1701965.33203, -7.62940
1707000.73242, -7.62940
1712036.13281, -10.68115
1717071.53320, -7.62940
1722106.93359, -9.15527
1727142.33398, -13.73291
1732177.73438, -10.68115
1737213.13477, -12.20703
1742248.53516, -9.15527
1747283.93555, -10.68115
1752319.33594, -6.10352
1757354.73633, -7.62940
1762390.13672, -13.73291
1767425.53711, -4.57764
1772460.93750, -7.62940
1777496.33789, -7.62940
1782531.73828, -9.15527
1787567.13867, -13.73291
1792602.53906, -9.15527
1797637.93945, -10.68115
1802673.33984, -9.15527
1807708.74023, -9.15527
1812744.14062, -7.62940
1817779.54102, -6.10352
1822814.94141, -9.15527
1827850.34180, -12.20703
1832885.74219, -12.20703
1837921.14258, -10.68115
1842956.54297, -10.68115
1847991.94336, -10.68115
1853027.34375, -10.68115
1858062.74414, -7.62940
1863098.14453, -6.10352
1868133.54492, -9.15527
1873168.94531, -10.68115
1878204.34570, -9.15527
1883239.74609, -6.10352
1888275.14648, -7.62940
1893310.54688, -9.15527
1898345.94727, -9.15527
1903381.34766, -9.15527
1908416.74805, -12.20703
1913452.14844, -7.62940
1918487.54883, -6.10352
1923522.94922, -9.15527
1928558.34961, -10.68115
1933593.75000, -12.20703
1938629.15039, -7.62940
1943664.55078, -10.68115
1948699.95117, -10.68115
1953735.35156, -10.68115
1958770.75195, -13.73291
1963806.15234, -4.57764
1968841.55273, -13.73291
1973876.95312, -12.20703
1978912.35352, -13.73291
1983947.75391, -4.57764
1988983.15430, -10.68115
1994018.55469, -10.68115
1999053.95508, -10.68115
2004089.35547, -12.20703
2009124.75586, -12.20703
2014160.15625, -13.73291
2019195.55664, -9.15527
2024230.95703, -10.68115
2029266.35742, -15.25879
2034301.75781, -10.68115
2039337.15820, -15.25879
2044372.55859, -10.68115
2049407.95898, -9.15527
2054443.35938, -7.62940
2059478.75977, -9.15527
2064514.16016, -10.68115
2069549.56055, -6.10352
2074584.96094, -10.68115
2079620.36133, -13.73291
2084655.76172, -12.20703
2089691.16211, -10.68115
2094726.56250, -7.62940
2099761.96289, -13.73291
2104797.36328, -10.68115
2109832.76367, -10.68115
2114868.16406, -12.20703
2119903.56445, -10.68115
2124938.96484, -9.15527
2129974.36523, -7.62940
2135009.76562, -15.25879
2140045.16602, -10.68115
2145080.56641, -10.68115
2150115.96680, -13.73291
2155151.36719, -15.25879
2160186.76758, -9.15527
2165222.16797, -10.68115
2170257.56836, -9.15527
2175292.96875, -9.15527
2180328.36914, -12.20703
2185363.76953, -10.68115
2190399.16992, -12.20703
2195434.57031, -13.73291
2200469.97070, -9.15527
2205505.37109, -9.15527
2210540.77148, -15.25879
2215576.17188, -10.68115
2220611.57227, -7.62940
2225646.97266, -6.10352
2230682.37305, -13.73291
2235717.77344, -9.15527
2240753.17383, -7.62940
2245788.57422, -12.20703
2250823.97461, -9.15527
2255859.37500, -4.57764
2260894.77539, -12.20703
2265930.17578, -10.68115
2270965.57617, -6.10352
2276000.97656, -9.15527
2281036.37695, -7.62940
2286071.77734, -9.15527
2291107.17773, -9.15527
2296142.57812, -10.68115
2301177.97852, -13.73291
2306213.37891, -13.73291
2311248.77930, -9.15527
2316284.17969, -7.62940
2321319.58008, -7.62940
2326354.98047, -12.20703
2331390.38086, -12.20703
2336425.78125, -10.68115
2341461.18164, -6.10352
2346496.58203, -16.78467
2351531.98242, -7.62940
2356567.38281, -9.15527
2361602.78320, -4.57764
2366638.18359, -9.15527
2371673.58398, -13.73291
2376708.98438, -6.10352
2381744.38477, -10.68115
2386779.78516, -7.62940
2391815.18555, -10.68115
2396850.58594, -10.68115
2401885.98633, -12.20703
2406921.38672, -7.62940
2411956.78711, -7.62940
2416992.18750, -7.62940
2422027.58789, -13.73291
2427062.98828, -9.15527
2432098.38867, -12.20703
2437133.78906, -7.62940
2442169.18945, -10.68115
2447204.58984, -12.20703
2452239.99023, -10.68115
2457275.39062, -10.68115
2462310.79102, -6.10352
2467346.19141, -10.68115
2472381.59180, -9.15527
2477416.99219, -13.73291
2482452.39258, -9.15527
2487487.79297, -13.73291
2492523.19336, -9.15527
2497558.59375, -7.62940
2502593.99414, -7.62940
2507629.39453, -13.73291
2512664.79492, -10.68115
2517700.19531, -9.15527
2522735.59570, -10.68115
2527770.99609, -7.62940
2532806.39648, -12.20703
2537841.79688, -12.20703
2542877.19727, -10.68115
2547912.59766, -12.20703
2552947.99805, -12.20703
2557983.39844, -9.15527
2563018.79883, -12.20703
2568054.19922, -12.20703
2573089.59961, -10.68115
2578125.00000, -10.68115
2583160.40039, -12.20703
2588195.80078, -9.15527
2593231.20117, -13.73291
2598266.60156, -9.15527
2603302.00195, -6.10352
2608337.40234, -9.15527
2613372.80273, -12.20703
2618408.20312, -10.68115
2623443.60352, -9.15527
2628479.00391, -10.68115
2633514.40430, -9.15527
2638549.80469, -12.20703
2643585.20508, -4.57764
2648620.60547, -15.25879
2653656.00586, -10.68115
2658691.40625, -9.15527
2663726.80664, -10.68115
2668762.20703, -7.62940
2673797.60742, -10.68115
2678833.00781, -9.15527
2683868.40820, -7.62940
2688903.80859, -9.15527
2693939.20898, -12.20703
2698974.60938, -12.20703
2704010.00977, -10.68115
2709045.41016, -12.20703
2714080.81055, -9.15527
2719116.21094, -13.73291
2724151.61133, -10.68115
2729187.01172, -12.20703
2734222.41211, -10.68115
2739257.81250, -15.25879
2744293.21289, -7.62940
2749328.61328, -15.25879
2754364.01367, -7.62940
2759399.41406, -12.20703
2764434.81445, -10.68115
2769470.21484, -13.73291
2774505.61523, -10.68115
2779541.01562, -7.62940
2784576.41602, -10.68115
2789611.81641, -13.73291
2794647.21680, -12.20703
2799682.61719, -13.73291
2804718.01758, -12.20703
2809753.41797, -9.15527
2814788.81836, -13.73291
2819824.21875, -7.62940
2824859.61914, -12.20703
2829895.01953, -7.62940
2834930.41992, -15.25879
2839965.82031, -10.68115
2845001.22070, -9.15527
2850036.62109, -10.68115
2855072.02148, -12.20703
2860107.42188, -9.15527
2865142.82227, -10.68115
2870178.22266, -10.68115
2875213.62305, -9.15527
2880249.02344, -10.68115
2885284.42383, -7.62940
2890319.82422, -7.62940
2895355.22461, -7.62940
2900390.62500, -10.68115
2905426.02539, -13.73291
2910461.42578, -13.73291
2915496.82617, -7.62940
2920532.22656, -7.62940
2925567.62695, -10.68115
2930603.02734, -7.62940
2935638.42773, -10.68115
2940673.82812, -12.20703
2945709.22852, -6.10352
2950744.62891, -10.68115
2955780.02930, -10.68115
2960815.42969, -16.78467
2965850.83008, -9.15527
2970886.23047, -7.62940
2975921.63086, -9.15527
2980957.03125, -13.73291
2985992.43164, -9.15527
2991027.83203, -9.15527
2996063.23242, -7.62940
3001098.63281, -12.20703
3006134.03320, -10.68115
3011169.43359, -16.78467
3016204.83398, -13.73291
3021240.23438, -6.10352
3026275.63477, -9.15527
3031311.03516, -9.15527
3036346.43555, -7.62940
3041381.83594, -9.15527
3046417.23633, -9.15527
3051452.63672, -12.20703
3056488.03711, -9.15527
3061523.43750, -12.20703
3066558.83789, -12.20703
3071594.23828, -13.73291
3076629.63867, -7.62940
3081665.03906, -12.20703
3086700.43945, -10.68115
3091735.83984, -7.62940
3096771.24023, -9.15527
3101806.64062, -12.20703
3106842.04102, -10.68115
3111877.44141, -7.62940
3116912.84180, -13.73291
3121948.24219, -9.15527
3126983.64258, -15.25879
3132019.04297, -9.15527
3137054.44336, -9.15527
3142089.84375, -10.68115
3147125.24414, -10.68115
3152160.64453, -9.15527
3157196.04492, -6.10352
3162231.44531, -15.25879
3167266.84570, -7.62940
3172302.24609, -15.25879
3177337.64648, -6.10352
3182373.04688, -13.73291
3187408.44727, -9.15527
3192443.84766, -13.73291
3197479.24805, -9.15527
3202514.64844, -7.62940
3207550.04883, -7.62940
3212585.44922, -12.20703
3217620.84961, -10.68115
3222656.25000, -12.20703
3227691.65039, -10.68115
3232727.05078, -9.15527
3237762.45117, -10.68115
3242797.85156, -9.15527
3247833.25195, -13.73291
3252868.65234, -12.20703
3257904.05273, -10.68115
3262939.45312, -10.68115
3267974.85352, -10.68115
3273010.25391, -10.68115
3278045.65430, -13.73291
3283081.05469, -12.20703
3288116.45508, -10.68115
3293151.85547, -12.20703
3298187.25586, -10.68115
3303222.65625, -13.73291
3308258.05664, -7.62940
3313293.45703, -13.73291
3318328.85742, -15.25879
3323364.25781, -15.25879
3328399.65820, -9.15527
3333435.05859, -9.15527
3338470.45898, -10.68115
3343505.85938, -13.73291
3348541.25977, -6.10352
3353576.66016, -7.62940
3358612.06055, -12.20703
3363647.46094, -6.10352
3368682.86133, -12.20703
3373718.26172, -12.20703
3378753.66211, -12.20703
3383789.06250, -7.62940
3388824.46289, -7.62940
3393859.86328, -12.20703
3398895.26367, -7.62940
3403930.66406, -9.15527
3408966.06445, -6.10352
3414001.46484, -13.73291
3419036.86523, -10.68115
3424072.26562, -9.15527
3429107.66602, -10.68115
3434143.06641, -9.15527
3439178.46680, -7.62940
3444213.86719, -13.73291
3449249.26758, -12.20703
3454284.66797, -12.20703
3459320.06836, -10.68115
3464355.46875, -9.15527
3469390.86914, -9.15527
3474426.26953, -13.73291
3479461.66992, -15.25879
3484497.07031, -9.15527
3489532.47070, -13.73291
3494567.87109, -13.73291
3499603.27148, -9.15527
3504638.67188, -10.68115
3509674.07227, -13.73291
3514709.47266, -10.68115
3519744.87305, -6.10352
3524780.27344, -7.62940
3529815.67383, -9.15527
3534851.07422, -13.73291
3539886.47461, -13.73291
3544921.87500, -10.68115
3549957.27539, -6.10352
3554992.67578, -7.62940
3560028.07617, -10.68115
3565063.47656, -4.57764
3570098.87695, -12.20703
3575134.27734, -7.62940
3580169.67773, -10.68115
3585205.07812, -12.20703
3590240.47852, -12.20703
3595275.87891, -10.68115
3600311.27930, -12.20703
3605346.67969, -10.68115
3610382.08008, -9.15527
3615417.48047, -16.78467
3620452.88086, -10.68115
3625488.28125, -13.73291
3630523.68164, -12.20703
3635559.08203, -6.10352
3640594.48242, -6.10352
3645629.88281, -16.78467
3650665.28320, -10.68115
3655700.68359, -7.62940
3660736.08398, -9.15527
3665771.48438, -12.20703
3670806.88477, -10.68115
3675842.28516, -12.20703
3680877.68555, -6.10352
3685913.08594, -9.15527
3690948.48633, -10.68115
3695983.88672, -9.15527
3701019.28711, -12.20703
3706054.68750, -10.68115
3711090.08789, -12.20703
3716125.48828, -3.05176
3721160.88867, -10.68115
3726196.28906, -13.73291
3731231.68945, -10.68115
3736267.08984, -9.15527
3741302.49023, -3.05176
3746337.89062, -4.57764
3751373.29102, -13.73291
3756408.69141, -6.10352
3761444.09180, -12.20703
3766479.49219, -6.10352
3771514.89258, -10.68115
3776550.29297, -6.10352
3781585.69336, -13.73291
3786621.09375, -10.68115
3791656.49414, -4.57764
3796691.89453, -10.68115
3801727.29492, -9.15527
3806762.69531, -12.20703
3811798.09570, -12.20703
3816833.49609, -9.15527
3821868.89648, -15.25879
3826904.29688, -12.20703
3831939.69727, -12.20703
3836975.09766, -9.15527
3842010.49805, -10.68115
3847045.89844, -7.62940
3852081.29883, -13.73291
3857116.69922, -9.15527
3862152.09961, -13.73291
3867187.50000, -9.15527
3872222.90039, -10.68115
3877258.30078, -4.57764
3882293.70117, -12.20703
3887329.10156, -9.15527
3892364.50195, -13.73291
3897399.90234, -9.15527
3902435.30273, -12.20703
3907470.70312, -16.78467
3912506.10352, -3.05176
3917541.50391, -9.15527
3922576.90430, -9.15527
3927612.30469, -9.15527
3932647.70508, -7.62940
3937683.10547, -10.68115
3942718.50586, -12.20703
3947753.90625, -12.20703
3952789.30664, -15.25879
3957824.70703, -7.62940
3962860.10742, -6.10352
3967895.50781, -10.68115
3972930.90820, -9.15527
3977966.30859, -6.10352
3983001.70898, -6.10352
3988037.10938, -12.20703
3993072.50977, -10.68115
3998107.91016, -9.15527
4003143.31055, -7.62940
4008178.71094, -9.15527
4013214.11133, -12.20703
4018249.51172, -15.25879
4023284.91211, -12.20703
4028320.31250, -9.15527
4033355.71289, -13.73291
4038391.11328, -12.20703
4043426.51367, -10.68115
4048461.91406, -12.20703
4053497.31445, -7.62940
4058532.71484, -13.73291
4063568.11523, -10.68115
4068603.51562, -13.73291
4073638.91602, -12.20703
4078674.31641, -9.15527
4083709.71680, -6.10352
4088745.11719, -7.62940
4093780.51758, -15.25879
4098815.91797, -10.68115
4103851.31836, -6.10352
4108886.71875, -10.68115
4113922.11914, -10.68115
4118957.51953, -12.20703
4123992.91992, -7.62940
4129028.32031, -10.68115
4134063.72070, -12.20703
4139099.12109, -9.15527
4144134.52148, -10.68115
4149169.92188, -9.15527
4154205.32227, -13.73291
4159240.72266, -9.15527
4164276.12305, -6.10352
4169311.52344, -10.68115
4174346.92383, -10.68115
4179382.32422, -12.20703
4184417.72461, -12.20703
4189453.12500, -10.68115
4194488.52539, -13.73291
4199523.92578, -10.68115
4204559.32617, -12.20703
4209594.72656, -12.20703
4214630.12695, -9.15527
4219665.52734, -10.68115
4224700.92773, -7.62940
4229736.32812, -10.68115
4234771.72852, -10.68115
4239807.12891, -6.10352
4244842.52930, -15.25879
4249877.92969, -7.62940
4254913.33008, -13.73291
4259948.73047, -6.10352
4264984.13086, -9.15527
4270019.53125, -9.15527
4275054.93164, -6.10352
4280090.33203, -10.68115
4285125.73242, -10.68115
4290161.13281, -10.68115
4295196.53320, -10.68115
4300231.93359, -9.15527
4305267.33398, -10.68115
4310302.73438, -7.62940
4315338.13477, -10.68115
4320373.53516, -15.25879
4325408.93555, -7.62940
4330444.33594, -6.10352
4335479.73633, -10.68115
4340515.13672, -6.10352
4345550.53711, -12.20703
4350585.93750, -10.68115
4355621.33789, -10.68115
4360656.73828, -9.15527
4365692.13867, -10.68115
4370727.53906, -9.15527
4375762.93945, -10.68115
4380798.33984, -7.62940
4385833.74023, -9.15527
4390869.14062, -12.20703
4395904.54102, -15.25879
4400939.94141, -7.62940
4405975.34180, -13.73291
4411010.74219, -13.73291
4416046.14258, -12.20703
4421081.54297, -12.20703
4426116.94336, -12.20703
4431152.34375, -12.20703
4436187.74414, -12.20703
4441223.14453, -6.10352
4446258.54492, -10.68115
4451293.94531, -16.78467
4456329.34570, -7.62940
4461364.74609, -10.68115
4466400.14648, -12.20703
4471435.54688, -10.68115
4476470.94727, -9.15527
4481506.34766, -10.68115
4486541.74805, -15.25879
4491577.14844, -7.62940
4496612.54883, -12.20703
4501647.94922, -9.15527
4506683.34961, -12.20703
4511718.75000, -10.68115
4516754.15039, -12.20703
4521789.55078, -6.10352
4526824.95117, -7.62940
4531860.35156, -6.10352
4536895.75195, -7.62940
4541931.15234, -10.68115
4546966.55273, -10.68115
4552001.95312, -12.20703
4557037.35352, -10.68115
4562072.75391, -9.15527
4567108.15430, -9.15527
4572143.55469, -12.20703
4577178.95508, -12.20703
4582214.35547, -6.10352
4587249.75586, -12.20703
4592285.15625, -9.15527
4597320.55664, -12.20703
4602355.95703, -6.10352
4607391.35742, -10.68115
4612426.75781, -13.73291
4617462.15820, -12.20703
4622497.55859, -7.62940
4627532.95898, -9.15527
4632568.35938, -6.10352
4637603.75977, -10.68115
4642639.16016, -7.62940
4647674.56055, -12.20703
4652709.96094, -10.68115
4657745.36133, -10.68115
4662780.76172, -7.62940
4667816.16211, -12.20703
4672851.56250, -10.68115
4677886.96289, -10.68115
4682922.36328, -15.25879
4687957.76367, -7.62940
4692993.16406, -9.15527
4698028.56445, -9.15527
4703063.96484, -9.15527
4708099.36523, -12.20703
4713134.76562, -9.15527
4718170.16602, -10.68115
4723205.56641, -9.15527
4728240.96680, -9.15527
4733276.36719, -12.20703
4738311.76758, -6.10352
4743347.16797, -13.73291
4748382.56836, -9.15527
4753417.96875, -15.25879
4758453.36914, -15.25879
4763488.76953, -12.20703
4768524.16992, -10.68115
4773559.57031, -9.15527
4778594.97070, -6.10352
4783630.37109, -10.68115
4788665.77148, -12.20703
4793701.17188, -9.15527
4798736.57227, -12.20703
4803771.97266, -12.20703
4808807.37305, -9.15527
4813842.77344, -10.68115
4818878.17383, -7.62940
4823913.57422, -7.62940
4828948.97461, -9.15527
4833984.37500, -9.15527
4839019.77539, -9.15527
4844055.17578, -13.73291
4849090.57617, -13.73291
4854125.97656, -7.62940
4859161.37695, -9.15527
4864196.77734, -12.20703
4869232.17773, -9.15527
4874267.57812, -9.15527
4879302.97852, -7.62940
4884338.37891, -7.62940
4889373.77930, -7.62940
4894409.17969, -12.20703
4899444.58008, -12.20703
4904479.98047, -9.15527
4909515.38086, -10.68115
4914550.78125, -7.62940
4919586.18164, -6.10352
4924621.58203, -7.62940
4929656.98242, -13.73291
4934692.38281, -7.62940
4939727.78320, -15.25879
4944763.18359, -12.20703
4949798.58398, -10.68115
4954833.98438, -12.20703
4959869.38477, -7.62940
4964904.78516, -9.15527
4969940.18555, -12.20703
4974975.58594, -10.68115
4980010.98633, -10.68115
4985046.38672, -7.62940
4990081.78711, -9.15527
4995117.18750, -12.20703
5000152.58789, -13.73291
5005187.98828, -12.20703
5010223.38867, -9.15527
5015258.78906, -12.20703
5020294.18945, -9.15527
5025329.58984, -12.20703
5030364.99023, -12.20703
5035400.39062, -10.68115
5040435.79102, -9.15527
5045471.19141, -10.68115
5050506.59180, -9.15527
5055541.99219, -9.15527
5060577.39258, -12.20703
5065612.79297, -7.62940
5070648.19336, -7.62940
5075683.59375, -13.73291
5080718.99414, -9.15527
5085754.39453, -12.20703
5090789.79492, -7.62940
5095825.19531, -13.73291
5100860.59570, -10.68115
5105895.99609, -10.68115
5110931.39648, -7.62940
5115966.79688, -9.15527
5121002.19727, -9.15527
5126037.59766, -10.68115
5131072.99805, -9.15527
5136108.39844, -13.73291
5141143.79883, -10.68115
5146179.19922, -9.15527
5151214.59961, -3.05176
5156250.00000, -10.68115
5161285.40039, -7.62940
5166320.80078, -10.68115
5171356.20117, -12.20703
5176391.60156, -7.62940
5181427.00195, -15.25879
5186462.40234, -6.10352
5191497.80273, -12.20703
5196533.20312, -7.62940
5201568.60352, -10.68115
5206604.00391, -10.68115
5211639.40430, -9.15527
5216674.80469, -9.15527
5221710.20508, -15.25879
5226745.60547, -4.57764
5231781.00586, -6.10352
5236816.40625, -6.10352
5241851.80664, -6.10352
5246887.20703, -10.68115
5251922.60742, -12.20703
5256958.00781, -12.20703
5261993.40820, -10.68115
5267028.80859, -12.20703
5272064.20898, -6.10352
5277099.60938, -6.10352
5282135.00977, -10.68115
5287170.41016, -7.62940
5292205.81055, -6.10352
5297241.21094, -10.68115
5302276.61133, -9.15527
5307312.01172, -6.10352
5312347.41211, -10.68115
5317382.81250, -10.68115
5322418.21289, -10.68115
5327453.61328, -12.20703
5332489.01367, -9.15527
5337524.41406, -6.10352
5342559.81445, -4.57764
5347595.21484, -12.20703
5352630.61523, -9.15527
5357666.01562, -9.15527
5362701.41602, -10.68115
5367736.81641, -6.10352
5372772.21680, -15.25879
5377807.61719, -12.20703
5382843.01758, -9.15527
5387878.41797, -9.15527
5392913.81836, -10.68115
5397949.21875, -7.62940
5402984.61914, -9.15527
5408020.01953, -10.68115
5413055.41992, -9.15527
5418090.82031, -10.68115
5423126.22070, -13.73291
5428161.62109, -9.15527
5433197.02148, -12.20703
5438232.42188, -12.20703
5443267.82227, -10.68115
5448303.22266, -10.68115
5453338.62305, -6.10352
5458374.02344, -7.62940
5463409.42383, -9.15527
5468444.82422, -15.25879
5473480.22461, -9.15527
5478515.62500, -9.15527
5483551.02539, -12.20703
5488586.42578, -10.68115
5493621.82617, -12.20703
5498657.22656, -13.73291
5503692.62695, -10.68115
5508728.02734, -12.20703
5513763.42773, -10.68115
5518798.82812, -7.62940
5523834.22852, -6.10352
5528869.62891, -10.68115
5533905.02930, -10.68115
5538940.42969, -6.10352
5543975.83008, -10.68115
5549011.23047, -12.20703
5554046.63086, -10.68115
5559082.03125, -7.62940
5564117.43164, -9.15527
5569152.83203, -9.15527
5574188.23242, -13.73291
5579223.63281, -12.20703
5584259.03320, -12.20703
5589294.43359, -13.73291
5594329.83398, -7.62940
5599365.23438, -6.10352
5604400.63477, -16.78467
5609436.03516, -12.20703
5614471.43555, -9.15527
5619506.83594, -13.73291
5624542.23633, -10.68115
5629577.63672, -12.20703
5634613.03711, -9.15527
5639648.43750, -13.73291
5644683.83789, -6.10352
5649719.23828, -9.15527
5654754.63867, -4.57764
5659790.03906, -9.15527
5664825.43945, -9.15527
5669860.83984, -6.10352
5674896.24023, -10.68115
5679931.64062, -10.68115
5684967.04102, -12.20703
5690002.44141, -7.62940
5695037.84180, -7.62940
5700073.24219, -12.20703
5705108.64258, -10.68115
5710144.04297, -10.68115
5715179.44336, -9.15527
5720214.84375, -7.62940
5725250.24414, -9.15527
5730285.64453, -4.57764
5735321.04492, -10.68115
5740356.44531, -6.10352
5745391.84570, -7.62940
5750427.24609, -7.62940
5755462.64648, -10.68115
5760498.04688, -10.68115
5765533.44727, -12.20703
5770568.84766, -4.57764
5775604.24805, -16.78467
5780639.64844, -10.68115
5785675.04883, -9.15527
5790710.44922, -12.20703
5795745.84961, -10.68115
5800781.25000, -7.62940
5805816.65039, -3.05176
5810852.05078, -10.68115
5815887.45117, -4.57764
5820922.85156, -6.10352
5825958.25195, -15.25879
5830993.65234, -15.25879
5836029.05273, -12.20703
5841064.45312, -15.25879
5846099.85352, -6.10352
5851135.25391, -3.05176
5856170.65430, -10.68115
5861206.05469, -9.15527
5866241.45508, -10.68115
5871276.85547, -6.10352
5876312.25586, -10.68115
5881347.65625, -9.15527
5886383.05664, -12.20703
5891418.45703, -12.20703
5896453.85742, -13.73291
5901489.25781, -10.68115
5906524.65820, -9.15527
5911560.05859, -10.68115
5916595.45898, -10.68115
5921630.85938, -12.20703
5926666.25977, -6.10352
5931701.66016, -13.73291
5936737.06055, -10.68115
5941772.46094, -7.62940
5946807.86133, -10.68115
5951843.26172, -7.62940
5956878.66211, -12.20703
5961914.06250, -9.15527
5966949.46289, -7.62940
5971984.86328, -9.15527
5977020.26367, -7.62940
5982055.66406, -7.62940
5987091.06445, -10.68115
5992126.46484, -12.20703
5997161.86523, -13.73291
6002197.26562, -9.15527
6007232.66602, -7.62940
6012268.06641, -13.73291
6017303.46680, -10.68115
6022338.86719, -3.05176
6027374.26758, -10.68115
6032409.66797, -6.10352
6037445.06836, -10.68115
6042480.46875, -6.10352
6047515.86914, -7.62940
6052551.26953, -10.68115
6057586.66992, -9.15527
6062622.07031, -10.68115
6067657.47070, -7.62940
6072692.87109, -9.15527
6077728.27148, -10.68115
6082763.67188, -12.20703
6087799.07227, -10.68115
6092834.47266, -15.25879
6097869.87305, -6.10352
6102905.27344, -9.15527
6107940.67383, -9.15527
6112976.07422, -13.73291
6118011.47461, -10.68115
6123046.87500, -9.15527
6128082.27539, -10.68115
6133117.67578, -9.15527
6138153.07617, -9.15527
6143188.47656, -13.73291
6148223.87695, -12.20703
6153259.27734, -9.15527
6158294.67773, -10.68115
6163330.07812, -10.68115
6168365.47852, -10.68115
6173400.87891, -4.57764
6178436.27930, -12.20703
6183471.67969, -13.73291
6188507.08008, -7.62940
6193542.48047, -4.57764
6198577.88086, -10.68115
6203613.28125, -9.15527
6208648.68164, -12.20703
6213684.08203, -10.68115
6218719.48242, -10.68115
6223754.88281, -12.20703
6228790.28320, -7.62940
6233825.68359, -10.68115
6238861.08398, -10.68115
6243896.48438, -10.68115
6248931.88477, -4.57764
6253967.28516, -9.15527
6259002.68555, -7.62940
6264038.08594, -12.20703
6269073.48633, -9.15527
6274108.88672, -7.62940
6279144.28711, -13.73291
6284179.68750, -12.20703
6289215.08789, -12.20703
6294250.48828, -13.73291
6299285.88867, -9.15527
6304321.28906, -13.73291
6309356.68945, -9.15527
6314392.08984, -13.73291
6319427.49023, -15.25879
6324462.89062, -7.62940
6329498.29102, -7.62940
6334533.69141, -13.73291
6339569.09180, -9.15527
6344604.49219, -7.62940
6349639.89258, -10.68115
6354675.29297, -12.20703
6359710.69336, -4.57764
6364746.09375, -9.15527
6369781.49414, -13.73291
6374816.89453, -9.15527
6379852.29492, -9.15527
6384887.69531, -6.10352
6389923.09570, -10.68115
6394958.49609, -7.62940
6399993.89648, -13.73291
6405029.29688, -9.15527
6410064.69727, -7.62940
6415100.09766, -7.62940
6420135.49805, -10.68115
6425170.89844, -7.62940
6430206.29883, -12.20703
6435241.69922, -6.10352
6440277.09961, -9.15527
6445312.50000, -12.20703
6450347.90039, -7.62940
6455383.30078, -10.68115
6460418.70117, -10.68115
6465454.10156, -9.15527
6470489.50195, -12.20703
6475524.90234, -10.68115
6480560.30273, -10.68115
6485595.70312, -13.73291
6490631.10352, -6.10352
6495666.50391, -10.68115
6500701.90430, -10.68115
6505737.30469, -9.15527
6510772.70508, -7.62940
6515808.10547, -12.20703
6520843.50586, -7.62940
6525878.90625, -10.68115
6530914.30664, -10.68115
6535949.70703, -9.15527
6540985.10742, -10.68115
6546020.50781, -10.68115
6551055.90820, -7.62940
6556091.30859, -9.15527
6561126.70898, -9.15527
6566162.10938, -7.62940
6571197.50977, -9.15527
6576232.91016, -13.73291
6581268.31055, -6.10352
6586303.71094, -7.62940
6591339.11133, -7.62940
6596374.51172, -12.20703
6601409.91211, -9.15527
6606445.31250, -10.68115
6611480.71289, -12.20703
6616516.11328, -6.10352
6621551.51367, -10.68115
6626586.91406, -10.68115
6631622.31445, -15.25879
6636657.71484, -4.57764
6641693.11523, -6.10352
6646728.51562, -9.15527
6651763.91602, -9.15527
6656799.31641, -10.68115
6661834.71680, -6.10352
6666870.11719, -7.62940
6671905.51758, -4.57764
6676940.91797, -10.68115
6681976.31836, -10.68115
6687011.71875, -10.68115
6692047.11914, -9.15527
6697082.51953, -13.73291
6702117.91992, -13.73291
6707153.32031, -9.15527
6712188.72070, -13.73291
6717224.12109, -13.73291
6722259.52148, -13.73291
6727294.92188, -10.68115
6732330.32227, -16.78467
6737365.72266, -10.68115
6742401.12305, -13.73291
6747436.52344, -12.20703
6752471.92383, -7.62940
6757507.32422, -9.15527
6762542.72461, -10.68115
6767578.12500, -9.15527
6772613.52539, -6.10352
6777648.92578, -13.73291
6782684.32617, -9.15527
6787719.72656, -9.15527
6792755.12695, -10.68115
6797790.52734, -4.57764
6802825.92773, -13.73291
6807861.32812, -9.15527
6812896.72852, -10.68115
6817932.12891, -12.20703
6822967.52930, -10.68115
6828002.92969, -9.15527
6833038.33008, -13.73291
6838073.73047, -10.68115
6843109.13086, -9.15527
6848144.53125, -13.73291
6853179.93164, -10.68115
6858215.33203, -13.73291
6863250.73242, -12.20703
6868286.13281, -10.68115
6873321.53320, -13.73291
6878356.93359, -10.68115
6883392.33398, -9.15527
6888427.73438, -18.31055
6893463.13477, -10.68115
6898498.53516, -10.68115
6903533.93555, -10.68115
6908569.33594, -13.73291
6913604.73633, -12.20703
6918640.13672, -9.15527
6923675.53711, -6.10352
6928710.93750, -9.15527
6933746.33789, -10.68115
6938781.73828, -6.10352
6943817.13867, -9.15527
6948852.53906, -9.15527
6953887.93945, -7.62940
6958923.33984, -9.15527
6963958.74023, -12.20703
6968994.14062, -9.15527
6974029.54102, -13.73291
6979064.94141, -10.68115
6984100.34180, -12.20703
6989135.74219, -10.68115
6994171.14258, -12.20703
6999206.54297, -7.62940
7004241.94336, -12.20703
7009277.34375, -12.20703
7014312.74414, -9.15527
7019348.14453, -9.15527
7024383.54492, -12.20703
7029418.94531, -13.73291
7034454.34570, -12.20703
7039489.74609, -7.62940
7044525.14648, -13.73291
7049560.54688, -10.68115
7054595.94727, -6.10352
7059631.34766, -12.20703
7064666.74805, -12.20703
7069702.14844, -10.68115
7074737.54883, -10.68115
7079772.94922, -9.15527
7084808.34961, -9.15527
7089843.75000, -7.62940
7094879.15039, -9.15527
7099914.55078, -9.15527
7104949.95117, -7.62940
7109985.35156, -9.15527
7115020.75195, -9.15527
7120056.15234, -9.15527
7125091.55273, -12.20703
7130126.95312, -6.10352
7135162.35352, -12.20703
7140197.75391, -7.62940
7145233.15430, -7.62940
7150268.55469, -7.62940
7155303.95508, -9.15527
7160339.35547, -12.20703
7165374.75586, -15.25879
7170410.15625, -10.68115
7175445.55664, -16.78467
7180480.95703, -7.62940
7185516.35742, -9.15527
7190551.75781, -12.20703
7195587.15820, -6.10352
7200622.55859, -7.62940
7205657.95898, -7.62940
7210693.35938, -9.15527
7215728.75977, -12.20703
7220764.16016, -12.20703
7225799.56055, -7.62940
7230834.96094, -13.73291
7235870.36133, -12.20703
7240905.76172, -10.68115
7245941.16211, -13.73291
7250976.56250, -10.68115
7256011.96289, -13.73291
7261047.36328, -12.20703
7266082.76367, -9.15527
7271118.16406, -12.20703
7276153.56445, -10.68115
7281188.96484, -10.68115
7286224.36523, -12.20703
7291259.76562, -10.68115
7296295.16602, -10.68115
7301330.56641, -16.78467
7306365.96680, -10.68115
7311401.36719, -10.68115
7316436.76758, -6.10352
7321472.16797, -7.62940
7326507.56836, -13.73291
7331542.96875, -12.20703
7336578.36914, -9.15527
7341613.76953, -10.68115
7346649.16992, -7.62940
7351684.57031, -12.20703
7356719.97070, -10.68115
7361755.37109, -7.62940
7366790.77148, -13.73291
7371826.17188, -10.68115
7376861.57227, -9.15527
7381896.97266, -15.25879
7386932.37305, -10.68115
7391967.77344, -7.62940
7397003.17383, -12.20703
7402038.57422, -13.73291
7407073.97461, -9.15527
7412109.37500, -9.15527
7417144.77539, -12.20703
7422180.17578, -9.15527
7427215.57617, -12.20703
7432250.97656, -9.15527
7437286.37695, -10.68115
7442321.77734, -12.20703
7447357.17773, -12.20703
7452392.57812, -12.20703
7457427.97852, -10.68115
7462463.37891, -10.68115
7467498.77930, -10.68115
7472534.17969, -10.68115
7477569.58008, -12.20703
7482604.98047, -12.20703
7487640.38086, -13.73291
7492675.78125, -9.15527
7497711.18164, -12.20703
7502746.58203, -7.62940
7507781.98242, -9.15527
7512817.38281, -9.15527
7517852.78320, -6.10352
7522888.18359, -7.62940
7527923.58398, -6.10352
7532958.98438, -7.62940
7537994.38477, -10.68115
7543029.78516, -6.10352
7548065.18555, -7.62940
7553100.58594, -12.20703
7558135.98633, -12.20703
7563171.38672, -10.68115
7568206.78711, -9.15527
7573242.18750, -13.73291
7578277.58789, -12.20703
7583312.98828, -6.10352
7588348.38867, -9.15527
7593383.78906, -6.10352
7598419.18945, -9.15527
7603454.58984, -9.15527
7608489.99023, -9.15527
7613525.39062, -10.68115
7618560.79102, -6.10352
7623596.19141, -10.68115
7628631.59180, -15.25879
7633666.99219, -9.15527
7638702.39258, -10.68115
7643737.79297, -7.62940
7648773.19336, -12.20703
7653808.59375, -10.68115
7658843.99414, -12.20703
7663879.39453, -12.20703
7668914.79492, -6.10352
7673950.19531, -12.20703
7678985.59570, -10.68115
7684020.99609, -6.10352
7689056.39648, -9.15527
7694091.79688, -4.57764
7699127.19727, -15.25879
7704162.59766, -9.15527
7709197.99805, -12.20703
7714233.39844, -13.73291
7719268.79883, -12.20703
7724304.19922, -10.68115
7729339.59961, -10.68115
7734375.00000, -13.73291
7739410.40039, -12.20703
7744445.80078, -12.20703
7749481.20117, -9.15527
7754516.60156, -10.68115
7759552.00195, -10.68115
7764587.40234, -12.20703
7769622.80273, -12.20703
7774658.20312, -16.78467
7779693.60352, -10.68115
7784729.00391, -7.62940
7789764.40430, -10.68115
7794799.80469, -7.62940
7799835.20508, -12.20703
7804870.60547, -13.73291
7809906.00586, -10.68115
7814941.40625, -6.10352
7819976.80664, -9.15527
7825012.20703, -9.15527
7830047.60742, -9.15527
7835083.00781, -7.62940
7840118.40820, -12.20703
7845153.80859, -10.68115
7850189.20898, -12.20703
7855224.60938, -12.20703
7860260.00977, -7.62940
7865295.41016, -7.62940
7870330.81055, -13.73291
7875366.21094, -10.68115
7880401.61133, -9.15527
7885437.01172, -13.73291
7890472.41211, -13.73291
7895507.81250, -7.62940
7900543.21289, -10.68115
7905578.61328, -9.15527
7910614.01367, -12.20703
7915649.41406, -9.15527
7920684.81445, -12.20703
7925720.21484, -12.20703
7930755.61523, -10.68115
7935791.01562, -10.68115
7940826.41602, -9.15527
7945861.81641, -10.68115
7950897.21680, -10.68115
7955932.61719, -12.20703
7960968.01758, -7.62940
7966003.41797, -6.10352
7971038.81836, -12.20703
7976074.21875, -10.68115
7981109.61914, -13.73291
7986145.01953, -9.15527
7991180.41992, -10.68115
7996215.82031, -13.73291
8001251.22070, -15.25879
8006286.62109, -13.73291
8011322.02148, -7.62940
8016357.42188, -12.20703
8021392.82227, -15.25879
8026428.22266, -15.25879
8031463.62305, -9.15527
8036499.02344, -7.62940
8041534.42383, -10.68115
8046569.82422, -15.25879
8051605.22461, -7.62940
8056640.62500, -13.73291
8061676.02539, -7.62940
8066711.42578, -10.68115
8071746.82617, -12.20703
8076782.22656, -7.62940
8081817.62695, -12.20703
8086853.02734, -9.15527
8091888.42773, -10.68115
8096923.82812, -12.20703
8101959.22852, -6.10352
8106994.62891, -7.62940
8112030.02930, -9.15527
8117065.42969, -9.15527
8122100.83008, -13.73291
8127136.23047, -7.62940
8132171.63086, -13.73291
8137207.03125, -9.15527
8142242.43164, -7.62940
8147277.83203, -15.25879
8152313.23242, -13.73291
8157348.63281, -10.68115
8162384.03320, -9.15527
8167419.43359, -10.68115
8172454.83398, -7.62940
8177490.23438, -10.68115
8182525.63477, -10.68115
8187561.03516, -13.73291
8192596.43555, -15.25879
8197631.83594, -10.68115
8202667.23633, -13.73291
8207702.63672, -7.62940
8212738.03711, -13.73291
8217773.43750, -10.68115
8222808.83789, -9.15527
8227844.23828, -10.68115
8232879.63867, -6.10352
8237915.03906, -10.68115
8242950.43945, -9.15527
8247985.83984, -6.10352
8253021.24023, -13.73291
8258056.64062, -13.73291
8263092.04102, -7.62940
8268127.44141, -12.20703
8273162.84180, -16.78467
8278198.24219, -9.15527
8283233.64258, -12.20703
8288269.04297, -12.20703
8293304.44336, -10.68115
8298339.84375, -12.20703
8303375.24414, -7.62940
8308410.64453, -10.68115
8313446.04492, -6.10352
8318481.44531, -9.15527
8323516.84570, -7.62940
8328552.24609, -15.25879
8333587.64648, -9.15527
8338623.04688, -9.15527
8343658.44727, -12.20703
8348693.84766, -9.15527
8353729.24805, -15.25879
8358764.64844, -10.68115
8363800.04883, -12.20703
8368835.44922, -10.68115
8373870.84961, -9.15527
8378906.25000, -10.68115
8383941.65039, -10.68115
8388977.05078, -6.10352
8394012.45117, -7.62940
8399047.85156, -12.20703
8404083.25195, -7.62940
8409118.65234, -6.10352
8414154.05273, -10.68115
8419189.45312, -13.73291
8424224.85352, -9.15527
8429260.25391, -12.20703
8434295.65430, -7.62940
8439331.05469, -9.15527
8444366.45508, -10.68115
8449401.85547, -12.20703
8454437.25586, -12.20703
8459472.65625, -7.62940
8464508.05664, -13.73291
8469543.45703, -7.62940
8474578.85742, -13.73291
8479614.25781, -10.68115
8484649.65820, -7.62940
8489685.05859, -7.62940
8494720.45898, -10.68115
8499755.85938, -10.68115
8504791.25977, -7.62940
8509826.66016, -7.62940
8514862.06055, -7.62940
8519897.46094, -16.78467
8524932.86133, -12.20703
8529968.26172, -6.10352
8535003.66211, -13.73291
8540039.06250, -12.20703
8545074.46289, -13.73291
8550109.86328, -10.68115
8555145.26367, -15.25879
8560180.66406, -9.15527
8565216.06445, -9.15527
8570251.46484, -16.78467
8575286.86523, -9.15527
8580322.26562, -7.62940
8585357.66602, -9.15527
8590393.06641, -12.20703
8595428.46680, -13.73291
8600463.86719, -16.78467
8605499.26758, -9.15527
8610534.66797, -13.73291
8615570.06836, -10.68115
8620605.46875, -16.78467
8625640.86914, -6.10352
8630676.26953, -13.73291
8635711.66992, -9.15527
8640747.07031, -9.15527
8645782.47070, -10.68115
8650817.87109, -13.73291
8655853.27148, -10.68115
8660888.67188, -9.15527
8665924.07227, -13.73291
8670959.47266, -9.15527
8675994.87305, -9.15527
8681030.27344, -4.57764
8686065.67383, -9.15527
8691101.07422, -10.68115
8696136.47461, -7.62940
8701171.87500, -10.68115
8706207.27539, -10.68115
8711242.67578, -12.20703
8716278.07617, -9.15527
8721313.47656, -12.20703
8726348.87695, -7.62940
8731384.27734, -7.62940
8736419.67773, -13.73291
8741455.07812, -12.20703
8746490.47852, -12.20703
8751525.87891, -13.73291
8756561.27930, -10.68115
8761596.67969, -10.68115
8766632.08008, -12.20703
8771667.48047, -9.15527
8776702.88086, -7.62940
8781738.28125, -10.68115
8786773.68164, -6.10352
8791809.08203, -7.62940
8796844.48242, -12.20703
8801879.88281, -9.15527
8806915.28320, -12.20703
8811950.68359, -9.15527
8816986.08398, -10.68115
8822021.48438, -7.62940
8827056.88477, -7.62940
8832092.28516, -9.15527
8837127.68555, -13.73291
8842163.08594, -12.20703
8847198.48633, -12.20703
8852233.88672, -4.57764
8857269.28711, -9.15527
8862304.68750, -7.62940
8867340.08789, -6.10352
8872375.48828, -10.68115
8877410.88867, -9.15527
8882446.28906, -10.68115
8887481.68945, -10.68115
8892517.08984, -10.68115
8897552.49023, -6.10352
8902587.89062, -10.68115
8907623.29102, -13.73291
8912658.69141, -9.15527
8917694.09180, -3.05176
8922729.49219, -10.68115
8927764.89258, -4.57764
8932800.29297, -12.20703
8937835.69336, -9.15527
8942871.09375, -7.62940
8947906.49414, -10.68115
8952941.89453, -12.20703
8957977.29492, -13.73291
8963012.69531, -13.73291
8968048.09570, -9.15527
8973083.49609, -9.15527
8978118.89648, -7.62940
8983154.29688, -7.62940
8988189.69727, -13.73291
8993225.09766, -12.20703
8998260.49805, -10.68115
9003295.89844, -13.73291
9008331.29883, -10.68115
9013366.69922, -10.68115
9018402.09961, -4.57764
9023437.50000, -6.10352
9028472.90039, -9.15527
9033508.30078, -13.73291
9038543.70117, -7.62940
9043579.10156, -13.73291
9048614.50195, -12.20703
9053649.90234, -13.73291
9058685.30273, -10.68115
9063720.70312, -9.15527
9068756.10352, -9.15527
9073791.50391, -12.20703
9078826.90430, -12.20703
9083862.30469, -10.68115
9088897.70508, -13.73291
9093933.10547, -9.15527
9098968.50586, -6.10352
9104003.90625, -9.15527
9109039.30664, -9.15527
9114074.70703, -9.15527
9119110.10742, -10.68115
9124145.50781, -13.73291
9129180.90820, -10.68115
9134216.30859, -9.15527
9139251.70898, -9.15527
9144287.10938, -7.62940
9149322.50977, -10.68115
9154357.91016, -4.57764
9159393.31055, -9.15527
9164428.71094, -7.62940
9169464.11133, -10.68115
9174499.51172, -7.62940
9179534.91211, -12.20703
9184570.31250, -10.68115
9189605.71289, -13.73291
9194641.11328, -12.20703
9199676.51367, -7.62940
9204711.91406, -10.68115
9209747.31445, -7.62940
9214782.71484, -10.68115
9219818.11523, -7.62940
9224853.51562, -9.15527
9229888.91602, -9.15527
9234924.31641, -9.15527
9239959.71680, -10.68115
9244995.11719, -9.15527
9250030.51758, -12.20703
9255065.91797, -10.68115
9260101.31836, -10.68115
9265136.71875, -12.20703
9270172.11914, -10.68115
9275207.51953, -9.15527
9280242.91992, -12.20703
9285278.32031, -12.20703
9290313.72070, -7.62940
9295349.12109, -9.15527
9300384.52148, -13.73291
9305419.92188, -10.68115
9310455.32227, -7.62940
9315490.72266, -12.20703
9320526.12305, -10.68115
9325561.52344, -16.78467
9330596.92383, -6.10352
9335632.32422, -7.62940
9340667.72461, -6.10352
9345703.12500, -10.68115
9350738.52539, -7.62940
9355773.92578, -9.15527
9360809.32617, -15.25879
9365844.72656, -9.15527
9370880.12695, -10.68115
9375915.52734, -9.15527
9380950.92773, -7.62940
9385986.32812, -7.62940
9391021.72852, -9.15527
9396057.12891, -13.73291
9401092.52930, -7.62940
9406127.92969, -7.62940
9411163.33008, -6.10352
9416198.73047, -10.68115
9421234.13086, -13.73291
9426269.53125, -10.68115
9431304.93164, -10.68115
9436340.33203, -13.73291
9441375.73242, -10.68115
9446411.13281, -15.25879
9451446.53320, -10.68115
9456481.93359, -10.68115
9461517.33398, -9.15527
9466552.73438, -12.20703
9471588.13477, -9.15527
9476623.53516, -10.68115
9481658.93555, -10.68115
9486694.33594, -13.73291
9491729.73633, -9.15527
9496765.13672, -9.15527
9501800.53711, -10.68115
9506835.93750, -7.62940
9511871.33789, -9.15527
9516906.73828, -12.20703
9521942.13867, -7.62940
9526977.53906, -13.73291
9532012.93945, -9.15527
9537048.33984, -10.68115
9542083.74023, -10.68115
9547119.14062, -10.68115
9552154.54102, -10.68115
9557189.94141, -10.68115
9562225.34180, -9.15527
9567260.74219, -7.62940
9572296.14258, -9.15527
9577331.54297, -15.25879
9582366.94336, -10.68115
9587402.34375, -12.20703
9592437.74414, -7.62940
9597473.14453, -9.15527
9602508.54492, -9.15527
9607543.94531, -12.20703
9612579.34570, -7.62940
9617614.74609, -15.25879
9622650.14648, -9.15527
9627685.54688, -9.15527
9632720.94727, -13.73291
9637756.34766, -9.15527
9642791.74805, -13.73291
9647827.14844, -12.20703
9652862.54883, -6.10352
9657897.94922, -9.15527
9662933.34961, -7.62940
9667968.75000, -10.68115
9673004.15039, -12.20703
9678039.55078, -12.20703
9683074.95117, -7.62940
9688110.35156, -10.68115
9693145.75195, -9.15527
9698181.15234, -12.20703
9703216.55273, -7.62940
9708251.95312, -10.68115
9713287.35352, -13.73291
9718322.75391, -13.73291
9723358.15430, -10.68115
9728393.55469, -12.20703
9733428.95508, -7.62940
9738464.35547, -9.15527
9743499.75586, -9.15527
9748535.15625, -12.20703
9753570.55664, -9.15527
9758605.95703, -9.15527
9763641.35742, -7.62940
9768676.75781, -12.20703
9773712.15820, -10.68115
9778747.55859, -15.25879
9783782.95898, -9.15527
9788818.35938, -3.05176
9793853.75977, -12.20703
9798889.16016, -12.20703
9803924.56055, -12.20703
9808959.96094, -13.73291
9813995.36133, -10.68115
9819030.76172, -10.68115
9824066.16211, -7.62940
9829101.56250, -9.15527
9834136.96289, -6.10352
9839172.36328, -12.20703
9844207.76367, -12.20703
9849243.16406, -12.20703
9854278.56445, -9.15527
9859313.96484, -10.68115
9864349.36523, -6.10352
9869384.76562, -7.62940
9874420.16602, -7.62940
9879455.56641, -6.10352
9884490.96680, -10.68115
9889526.36719, -9.15527
9894561.76758, -6.10352
9899597.16797, -7.62940
9904632.56836, -10.68115
9909667.96875, -12.20703
9914703.36914, -7.62940
9919738.76953, -10.68115
9924774.16992, -10.68115
9929809.57031, -9.15527
9934844.97070, -6.10352
9939880.37109, -10.68115
9944915.77148, -7.62940
9949951.17188, -9.15527
9954986.57227, -12.20703
9960021.97266, -6.10352
9965057.37305, -10.68115
9970092.77344, -12.20703
9975128.17383, -7.62940
9980163.57422, -7.62940
9985198.97461, -6.10352
9990234.37500, -7.62940
9995269.77539, -13.73291
10000305.17578, -9.15527
10005340.57617, -7.62940
10010375.97656, -12.20703
10015411.37695, -7.62940
10020446.77734, -10.68115
10025482.17773, -12.20703
10030517.57812, -10.68115
10035552.97852, -9.15527
10040588.37891, -9.15527
10045623.77930, -9.15527
10050659.17969, -4.57764
10055694.58008, -12.20703
10060729.98047, -15.25879
10065765.38086, -9.15527
10070800.78125, -13.73291
10075836.18164, -12.20703
10080871.58203, -10.68115
10085906.98242, -7.62940
10090942.38281, -7.62940
10095977.78320, -10.68115
10101013.18359, -15.25879
10106048.58398, -7.62940
10111083.98438, -9.15527
10116119.38477, -10.68115
10121154.78516, -12.20703
10126190.18555, -9.15527
10131225.58594, -13.73291
10136260.98633, -10.68115
10141296.38672, -10.68115
10146331.78711, -10.68115
10151367.18750, -13.73291
10156402.58789, -6.10352
10161437.98828, -13.73291
10166473.38867, -12.20703
10171508.78906, -13.73291
10176544.18945, -6.10352
10181579.58984, -9.15527
10186614.99023, -10.68115
10191650.39062, -10.68115
10196685.79102, -10.68115
10201721.19141, -12.20703
10206756.59180, -7.62940
10211791.99219, -9.15527
10216827.39258, -9.15527
10221862.79297, -12.20703
10226898.19336, -12.20703
10231933.59375, -13.73291
10236968.99414, -9.15527
10242004.39453, -9.15527
10247039.79492, -13.73291
10252075.19531, -10.68115
10257110.59570, -9.15527
10262145.99609, -10.68115
10267181.39648, -10.68115
10272216.79688, -6.10352
10277252.19727, -13.73291
10282287.59766, -9.15527
10287322.99805, -4.57764
10292358.39844, -7.62940
10297393.79883, -10.68115
10302429.19922, -15.25879
10307464.59961, -4.57764
10312500.00000, -9.15527
10317535.40039, -10.68115
10322570.80078, -9.15527
10327606.20117, -9.15527
10332641.60156, -12.20703
10337677.00195, -9.15527
10342712.40234, -13.73291
10347747.80273, -12.20703
10352783.20312, -9.15527
10357818.60352, -10.68115
10362854.00391, -9.15527
10367889.40430, -13.73291
10372924.80469, -7.62940
10377960.20508, -9.15527
10382995.60547, -10.68115
10388031.00586, -10.68115
10393066.40625, -12.20703
10398101.80664, -12.20703
10403137.20703, -12.20703
10408172.60742, -13.73291
10413208.00781, -7.62940
10418243.40820, -13.73291
10423278.80859, -12.20703
10428314.20898, -10.68115
10433349.60938, -7.62940
10438385.00977, -12.20703
10443420.41016, -10.68115
10448455.81055, -9.15527
10453491.21094, -7.62940
10458526.61133, -9.15527
10463562.01172, -7.62940
10468597.41211, -9.15527
10473632.81250, -10.68115
10478668.21289, -10.68115
10483703.61328, -10.68115
10488739.01367, -13.73291
10493774.41406, -3.05176
10498809.81445, -12.20703
10503845.21484, -9.15527
10508880.61523, -9.15527
10513916.01562, -9.15527
10518951.41602, -9.15527
10523986.81641, -9.15527
10529022.21680, -13.73291
10534057.61719, -15.25879
10539093.01758, -6.10352
10544128.41797, -15.25879
10549163.81836, -10.68115
10554199.21875, -7.62940
10559234.61914, -7.62940
10564270.01953, -4.57764
10569305.41992, -15.25879
10574340.82031, -9.15527
10579376.22070, -9.15527
10584411.62109, -9.15527
10589447.02148, -13.73291
10594482.42188, -12.20703
10599517.82227, -9.15527
10604553.22266, -10.68115
10609588.62305, -7.62940
10614624.02344, -7.62940
10619659.42383, -9.15527
10624694.82422, -13.73291
10629730.22461, -7.62940
10634765.62500, -7.62940
10639801.02539, -10.68115
10644836.42578, -7.62940
10649871.82617, -13.73291
10654907.22656, -12.20703
10659942.62695, -12.20703
10664978.02734, -10.68115
10670013.42773, -10.68115
10675048.82812, -12.20703
10680084.22852, -9.15527
10685119.62891, -6.10352
10690155.02930, -9.15527
10695190.42969, -10.68115
10700225.83008, -10.68115
10705261.23047, -13.73291
10710296.63086, -6.10352
10715332.03125, -10.68115
10720367.43164, -12.20703
10725402.83203, -10.68115
10730438.23242, -10.68115
10735473.63281, -10.68115
10740509.03320, -6.10352
10745544.43359, -9.15527
10750579.83398, -12.20703
10755615.23438, -9.15527
10760650.63477, -9.15527
10765686.03516, -12.20703
10770721.43555, -7.62940
10775756.83594, -12.20703
10780792.23633, -10.68115
10785827.63672, -4.57764
10790863.03711, -10.68115
10795898.43750, -12.20703
10800933.83789, -10.68115
10805969.23828, -9.15527
10811004.63867, -10.68115
10816040.03906, -13.73291
10821075.43945, -13.73291
10826110.83984, -10.68115
10831146.24023, -7.62940
10836181.64062, -3.05176
10841217.04102, -10.68115
10846252.44141, -13.73291
10851287.84180, -10.68115
10856323.24219, -10.68115
10861358.64258, -9.15527
10866394.04297, -9.15527
10871429.44336, -9.15527
10876464.84375, -12.20703
10881500.24414, -9.15527
10886535.64453, -12.20703
10891571.04492, -9.15527
10896606.44531, -12.20703
10901641.84570, -6.10352
10906677.24609, -10.68115
10911712.64648, -9.15527
10916748.04688, -12.20703
10921783.44727, -15.25879
10926818.84766, -10.68115
10931854.24805, -9.15527
10936889.64844, -9.15527
10941925.04883, -3.05176
10946960.44922, -10.68115
10951995.84961, -12.20703
10957031.25000, -4.57764
10962066.65039, -12.20703
10967102.05078, -13.73291
10972137.45117, -7.62940
10977172.85156, -9.15527
10982208.25195, -12.20703
10987243.65234, -9.15527
10992279.05273, -10.68115
10997314.45312, -7.62940
11002349.85352, -9.15527
11007385.25391, -10.68115
11012420.65430, -10.68115
11017456.05469, -13.73291
11022491.45508, -9.15527
11027526.85547, -9.15527
11032562.25586, -12.20703
11037597.65625, -9.15527
11042633.05664, -9.15527
11047668.45703, -10.68115
11052703.85742, -10.68115
11057739.25781, -12.20703
11062774.65820, -10.68115
11067810.05859, -10.68115
11072845.45898, -9.15527
11077880.85938, -10.68115
11082916.25977, -7.62940
11087951.66016, -10.68115
11092987.06055, -9.15527
11098022.46094, -7.62940
11103057.86133, -15.25879
11108093.26172, -12.20703
11113128.66211, -12.20703
11118164.06250, -9.15527
11123199.46289, -15.25879
11128234.86328, -9.15527
11133270.26367, -10.68115
11138305.66406, -10.68115
11143341.06445, -12.20703
11148376.46484, -10.68115
11153411.86523, -7.62940
11158447.26562, -3.05176
11163482.66602, -13.73291
11168518.06641, -15.25879
11173553.46680, -4.57764
11178588.86719, -10.68115
11183624.26758, -7.62940
11188659.66797, -12.20703
11193695.06836, -4.57764
11198730.46875, -12.20703
11203765.86914, -7.62940
11208801.26953, -12.20703
11213836.66992, -10.68115
11218872.07031, -9.15527
11223907.47070, -9.15527
11228942.87109, -12.20703
11233978.27148, -7.62940
11239013.67188, -13.73291
11244049.07227, -7.62940
11249084.47266, -12.20703
11254119.87305, -13.73291
11259155.27344, -10.68115
11264190.67383, -10.68115
11269226.07422, -12.20703
11274261.47461, -7.62940
11279296.87500, -10.68115
11284332.27539, -4.57764
11289367.67578, -10.68115
11294403.07617, -9.15527
11299438.47656, -10.68115
11304473.87695, -9.15527
11309509.27734, -10.68115
11314544.67773, -10.68115
11319580.07812, -9.15527
11324615.47852, -9.15527
11329650.87891, -13.73291
11334686.27930, -13.73291
11339721.67969, -6.10352
11344757.08008, -9.15527
11349792.48047, -12.20703
11354827.88086, -13.73291
11359863.28125, -12.20703
11364898.68164, -10.68115
11369934.08203, -10.68115
11374969.48242, -12.20703
11380004.88281, -13.73291
11385040.28320, -12.20703
11390075.68359, -6.10352
11395111.08398, -10.68115
11400146.48438, -6.10352
11405181.88477, -15.25879
11410217.28516, -9.15527
11415252.68555, -6.10352
11420288.08594, -13.73291
11425323.48633, -9.15527
11430358.88672, -10.68115
11435394.28711, -10.68115
11440429.68750, -7.62940
11445465.08789, -10.68115
11450500.48828, -12.20703
11455535.88867, -12.20703
11460571.28906, -7.62940
11465606.68945, -7.62940
11470642.08984, -9.15527
11475677.49023, -10.68115
11480712.89062, -6.10352
11485748.29102, -10.68115
11490783.69141, -7.62940
11495819.09180, -10.68115
11500854.49219, -6.10352
11505889.89258, -6.10352
11510925.29297, -9.15527
11515960.69336, -9.15527
11520996.09375, -12.20703
11526031.49414, -12.20703
11531066.89453, -12.20703
11536102.29492, -7.62940
11541137.69531, -12.20703
11546173.09570, -10.68115
11551208.49609, -12.20703
11556243.89648, -7.62940
11561279.29688, -13.73291
11566314.69727, -7.62940
11571350.09766, -7.62940
11576385.49805, -10.68115
11581420.89844, -7.62940
11586456.29883, -12.20703
11591491.69922, -10.68115
11596527.09961, -16.78467
11601562.50000, -6.10352
11606597.90039, -13.73291
11611633.30078, -10.68115
11616668.70117, -6.10352
11621704.10156, -12.20703
11626739.50195, -12.20703
11631774.90234, -10.68115
11636810.30273, -7.62940
11641845.70312, -7.62940
11646881.10352, -10.68115
11651916.50391, -7.62940
11656951.90430, -10.68115
11661987.30469, -9.15527
11667022.70508, -4.57764
11672058.10547, -9.15527
11677093.50586, -7.62940
11682128.90625, -13.73291
11687164.30664, -13.73291
11692199.70703, -7.62940
11697235.10742, -7.62940
11702270.50781, -10.68115
11707305.90820, -12.20703
11712341.30859, -6.10352
11717376.70898, -10.68115
11722412.10938, -9.15527
11727447.50977, -9.15527
11732482.91016, -6.10352
11737518.31055, -9.15527
11742553.71094, -9.15527
11747589.11133, -9.15527
11752624.51172, -13.73291
11757659.91211, -12.20703
11762695.31250, -15.25879
11767730.71289, -4.57764
11772766.11328, -12.20703
11777801.51367, -13.73291
11782836.91406, -7.62940
11787872.31445, -6.10352
11792907.71484, -6.10352
11797943.11523, -7.62940
11802978.51562, -12.20703
11808013.91602, -10.68115
11813049.31641, -12.20703
11818084.71680, -12.20703
11823120.11719, -10.68115
11828155.51758, -13.73291
11833190.91797, -10.68115
11838226.31836, -7.62940
11843261.71875, -6.10352
11848297.11914, -13.73291
11853332.51953, -10.68115
11858367.91992, -12.20703
11863403.32031, -10.68115
11868438.72070, -10.68115
11873474.12109, -9.15527
11878509.52148, -9.15527
11883544.92188, -10.68115
11888580.32227, -7.62940
11893615.72266, -7.62940
11898651.12305, -10.68115
11903686.52344, -12.20703
11908721.92383, -13.73291
11913757.32422, -12.20703
11918792.72461, -12.20703
11923828.12500, -4.57764
11928863.52539, -9.15527
11933898.92578, -10.68115
11938934.32617, -12.20703
11943969.72656, -10.68115
11949005.12695, -10.68115
11954040.52734, -7.62940
11959075.92773, -7.62940
11964111.32812, -6.10352
11969146.72852, -9.15527
11974182.12891, -13.73291
11979217.52930, -9.15527
11984252.92969, -4.57764
11989288.33008, -9.15527
11994323.73047, -13.73291
11999359.13086, -9.15527
12004394.53125, -13.73291
12009429.93164, -10.68115
12014465.33203, -13.73291
12019500.73242, -12.20703
12024536.13281, -13.73291
12029571.53320, -7.62940
12034606.93359, -6.10352
12039642.33398, -15.25879
12044677.73438, -4.57764
12049713.13477, -6.10352
12054748.53516, -10.68115
12059783.93555, -10.68115
12064819.33594, -9.15527
12069854.73633, -10.68115
12074890.13672, -9.15527
12079925.53711, -10.68115
12084960.93750, -7.62940
12089996.33789, -13.73291
12095031.73828, -10.68115
12100067.13867, -13.73291
12105102.53906, -10.68115
12110137.93945, -13.73291
12115173.33984, -7.62940
12120208.74023, -4.57764
12125244.14062, -6.10352
12130279.54102, -12.20703
12135314.94141, -15.25879
12140350.34180, -9.15527
12145385.74219, -10.68115
12150421.14258, -10.68115
12155456.54297, -10.68115
12160491.94336, -10.68115
12165527.34375, -10.68115
12170562.74414, -7.62940
12175598.14453, -9.15527
12180633.54492, -7.62940
12185668.94531, -13.73291
12190704.34570, -7.62940
12195739.74609, -13.73291
12200775.14648, -10.68115
12205810.54688, -9.15527
12210845.94727, -12.20703
12215881.34766, -9.15527
12220916.74805, -15.25879
12225952.14844, -12.20703
12230987.54883, -10.68115
12236022.94922, -9.15527
12241058.34961, -10.68115
12246093.75000, -10.68115
12251129.15039, -7.62940
12256164.55078, -6.10352
12261199.95117, -13.73291
12266235.35156, -13.73291
12271270.75195, -7.62940
12276306.15234, -12.20703
12281341.55273, -7.62940
12286376.95312, -10.68115
12291412.35352, -10.68115
12296447.75391, -10.68115
12301483.15430, -7.62940
12306518.55469, -12.20703
12311553.95508, -12.20703
12316589.35547, -13.73291
12321624.75586, -9.15527
12326660.15625, -15.25879
12331695.55664, -9.15527
12336730.95703, -6.10352
12341766.35742, -10.68115
12346801.75781, -9.15527
12351837.15820, -9.15527
12356872.55859, -12.20703
12361907.95898, -9.15527
12366943.35938, -7.62940
12371978.75977, -13.73291
12377014.16016, -12.20703
12382049.56055, -6.10352
12387084.96094, -10.68115
12392120.36133, -12.20703
12397155.76172, -15.25879
12402191.16211, -9.15527
12407226.56250, -7.62940
12412261.96289, -10.68115
12417297.36328, -12.20703
12422332.76367, -7.62940
12427368.16406, -7.62940
12432403.56445, -15.25879
12437438.96484, -7.62940
12442474.36523, -13.73291
12447509.76562, -12.20703
12452545.16602, -9.15527
12457580.56641, -13.73291
12462615.96680, -10.68115
12467651.36719, -9.15527
12472686.76758, -7.62940
12477722.16797, -9.15527
12482757.56836, -9.15527
12487792.96875, -10.68115
12492828.36914, -7.62940
12497863.76953, -12.20703
12502899.16992, -7.62940
12507934.57031, -10.68115
12512969.97070, -13.73291
12518005.37109, -9.15527
12523040.77148, -12.20703
12528076.17188, -10.68115
12533111.57227, -13.73291
12538146.97266, -7.62940
12543182.37305, -12.20703
12548217.77344, -6.10352
12553253.17383, -9.15527
12558288.57422, -9.15527
12563323.97461, -13.73291
12568359.37500, -6.10352
12573394.77539, -7.62940
12578430.17578, -12.20703
12583465.57617, -9.15527
12588500.97656, -9.15527
12593536.37695, -7.62940
12598571.77734, -10.68115
12603607.17773, -12.20703
12608642.57812, -7.62940
12613677.97852, -13.73291
12618713.37891, -7.62940
12623748.77930, -10.68115
12628784.17969, -10.68115
12633819.58008, -7.62940
12638854.98047, -9.15527
12643890.38086, -9.15527
12648925.78125, -10.68115
12653961.18164, -6.10352
12658996.58203, -6.10352
12664031.98242, -10.68115
12669067.38281, -10.68115
12674102.78320, -12.20703
12679138.18359, -12.20703
12684173.58398, -7.62940
12689208.98438, -13.73291
12694244.38477, -6.10352
12699279.78516, -12.20703
12704315.18555, -9.15527
12709350.58594, -9.15527
12714385.98633, -7.62940
12719421.38672, -12.20703
12724456.78711, -7.62940
12729492.18750, -9.15527
12734527.58789, -7.62940
12739562.98828, -13.73291
12744598.38867, -7.62940
12749633.78906, -10.68115
12754669.18945, -9.15527
12759704.58984, -13.73291
12764739.99023, -10.68115
12769775.39062, -10.68115
12774810.79102, -13.73291
12779846.19141, -13.73291
12784881.59180, -15.25879
12789916.99219, -9.15527
12794952.39258, -6.10352
12799987.79297, -13.73291
12805023.19336, -10.68115
12810058.59375, -9.15527
12815093.99414, -9.15527
12820129.39453, -12.20703
12825164.79492, -9.15527
12830200.19531, -10.68115
12835235.59570, -7.62940
12840270.99609, -9.15527
12845306.39648, -9.15527
12850341.79688, -10.68115
12855377.19727, -13.73291
12860412.59766, -9.15527
12865447.99805, -15.25879
12870483.39844, -12.20703
12875518.79883, -10.68115
12880554.19922, -9.15527
12885589.59961, -15.25879
12890625.00000, -12.20703
12895660.40039, -9.15527
12900695.80078, -7.62940
12905731.20117, -12.20703
12910766.60156, -7.62940
12915802.00195, -9.15527
12920837.40234, -18.31055
12925872.80273, -13.73291
12930908.20312, -10.68115
12935943.60352, -7.62940
12940979.00391, -10.68115
12946014.40430, -10.68115
12951049.80469, -12.20703
12956085.20508, -6.10352
12961120.60547, -6.10352
12966156.00586, -10.68115
12971191.40625, -7.62940
12976226.80664, -10.68115
12981262.20703, -7.62940
12986297.60742, -12.20703
12991333.00781, -9.15527
12996368.40820, -7.62940
13001403.80859, -9.15527
13006439.20898, -7.62940
13011474.60938, -7.62940
13016510.00977, -7.62940
13021545.41016, -10.68115
13026580.81055, -13.73291
13031616.21094, -7.62940
13036651.61133, -10.68115
13041687.01172, -10.68115
13046722.41211, -15.25879
13051757.81250, -7.62940
13056793.21289, -7.62940
13061828.61328, -7.62940
13066864.01367, -12.20703
13071899.41406, -9.15527
13076934.81445, -15.25879
13081970.21484, -10.68115
13087005.61523, -13.73291
13092041.01562, -7.62940
13097076.41602, -4.57764
13102111.81641, -9.15527
13107147.21680, -7.62940
13112182.61719, -9.15527
13117218.01758, -13.73291
13122253.41797, -10.68115
13127288.81836, -12.20703
13132324.21875, -12.20703
13137359.61914, -7.62940
13142395.01953, -9.15527
13147430.41992, -9.15527
13152465.82031, -10.68115
13157501.22070, -6.10352
13162536.62109, -12.20703
13167572.02148, -13.73291
13172607.42188, -6.10352
13177642.82227, -9.15527
13182678.22266, -7.62940
13187713.62305, -10.68115
13192749.02344, -6.10352
13197784.42383, -9.15527
13202819.82422, -6.10352
13207855.22461, -10.68115
13212890.62500, -12.20703
13217926.02539, -12.20703
13222961.42578, -9.15527
13227996.82617, -10.68115
13233032.22656, -13.73291
13238067.62695, -7.62940
13243103.02734, -6.10352
13248138.42773, -9.15527
13253173.82812, -13.73291
13258209.22852, -13.73291
13263244.62891, -9.15527
13268280.02930, -12.20703
13273315.42969, -13.73291
13278350.83008, -9.15527
13283386.23047, -12.20703
13288421.63086, -9.15527
13293457.03125, -10.68115
13298492.43164, -9.15527
13303527.83203, -7.62940
13308563.23242, -9.15527
13313598.63281, -7.62940
13318634.03320, -7.62940
13323669.43359, -10.68115
13328704.83398, -3.05176
13333740.23438, -12.20703
13338775.63477, -12.20703
13343811.03516, -12.20703
13348846.43555, -10.68115
13353881.83594, -10.68115
13358917.23633, -10.68115
13363952.63672, -15.25879
13368988.03711, -12.20703
13374023.43750, -10.68115
13379058.83789, -7.62940
13384094.23828, -9.15527
13389129.63867, -10.68115
13394165.03906, -9.15527
13399200.43945, -12.20703
13404235.83984, -7.62940
13409271.24023, -16.78467
13414306.64062, -10.68115
13419342.04102, -18.31055
13424377.44141, -12.20703
13429412.84180, -12.20703
13434448.24219, -4.57764
13439483.64258, -13.73291
13444519.04297, -10.68115
13449554.44336, -13.73291
13454589.84375, -15.25879
13459625.24414, -12.20703
13464660.64453, -12.20703
13469696.04492, -4.57764
13474731.44531, -3.05176
13479766.84570, -9.15527
13484802.24609, -9.15527
13489837.64648, -12.20703
13494873.04688, -7.62940
13499908.44727, -9.15527
13504943.84766, -7.62940
13509979.24805, -15.25879
13515014.64844, -10.68115
13520050.04883, -7.62940
13525085.44922, -9.15527
13530120.84961, -9.15527
13535156.25000, -12.20703
13540191.65039, -7.62940
13545227.05078, -9.15527
13550262.45117, -7.62940
13555297.85156, -9.15527
13560333.25195, -7.62940
13565368.65234, -10.68115
13570404.05273, -4.57764
13575439.45312, -10.68115
13580474.85352, -15.25879
13585510.25391, -12.20703
13590545.65430, -10.68115
13595581.05469, -9.15527
13600616.45508, -7.62940
13605651.85547, -16.78467
13610687.25586, -9.15527
13615722.65625, -13.73291
13620758.05664, -9.15527
13625793.45703, -9.15527
13630828.85742, -7.62940
13635864.25781, -7.62940
13640899.65820, -12.20703
13645935.05859, -12.20703
13650970.45898, -10.68115
13656005.85938, -9.15527
13661041.25977, -6.10352
13666076.66016, -10.68115
13671112.06055, -12.20703
13676147.46094, -6.10352
13681182.86133, -9.15527
13686218.26172, -12.20703
13691253.66211, -9.15527
13696289.06250, -10.68115
13701324.46289, -10.68115
13706359.86328, -7.62940
13711395.26367, -4.57764
13716430.66406, -13.73291
13721466.06445, -7.62940
13726501.46484, -3.05176
13731536.86523, -4.57764
13736572.26562, -9.15527
13741607.66602, -10.68115
13746643.06641, -13.73291
13751678.46680, -9.15527
13756713.86719, -10.68115
13761749.26758, -10.68115
13766784.66797, -15.25879
13771820.06836, -9.15527
13776855.46875, -9.15527
13781890.86914, -15.25879
13786926.26953, -10.68115
13791961.66992, -6.10352
13796997.07031, -10.68115
13802032.47070, -9.15527
13807067.87109, -9.15527
13812103.27148, -7.62940
13817138.67188, -7.62940
13822174.07227, -13.73291
13827209.47266, -12.20703
13832244.87305, -9.15527
13837280.27344, -9.15527
13842315.67383, -10.68115
13847351.07422, -6.10352
13852386.47461, -10.68115
13857421.87500, -10.68115
13862457.27539, -6.10352
13867492.67578, -4.57764
13872528.07617, -13.73291
13877563.47656, -12.20703
13882598.87695, -15.25879
13887634.27734, -6.10352
13892669.67773, -9.15527
13897705.07812, -9.15527
13902740.47852, -12.20703
13907775.87891, -1.52588
13912811.27930, -10.68115
13917846.67969, -13.73291
13922882.08008, -7.62940
13927917.48047, -9.15527
13932952.88086, -16.78467
13937988.28125, -7.62940
13943023.68164, -15.25879
13948059.08203, -10.68115
13953094.48242, -15.25879
13958129.88281, -12.20703
13963165.28320, -7.62940
13968200.68359, -10.68115
13973236.08398, -9.15527
13978271.48438, -13.73291
13983306.88477, -13.73291
13988342.28516, -10.68115
13993377.68555, -13.73291
13998413.08594, -9.15527
14003448.48633, -4.57764
14008483.88672, -7.62940
14013519.28711, -13.73291
14018554.68750, -15.25879
14023590.08789, -10.68115
14028625.48828, -10.68115
14033660.88867, -15.25879
14038696.28906, -10.68115
14043731.68945, -10.68115
14048767.08984, -10.68115
14053802.49023, -12.20703
14058837.89062, -9.15527
14063873.29102, -7.62940
14068908.69141, -6.10352
14073944.09180, -10.68115
14078979.49219, -10.68115
14084014.89258, -12.20703
14089050.29297, -13.73291
14094085.69336, -9.15527
14099121.09375, -9.15527
14104156.49414, -10.68115
14109191.89453, -10.68115
14114227.29492, -13.73291
14119262.69531, -10.68115
14124298.09570, -9.15527
14129333.49609, -13.73291
14134368.89648, -9.15527
14139404.29688, -10.68115
14144439.69727, -10.68115
14149475.09766, -9.15527
14154510.49805, -10.68115
14159545.89844, -10.68115
14164581.29883, -9.15527
14169616.69922, -12.20703
14174652.09961, -10.68115
14179687.50000, -9.15527
14184722.90039, -10.68115
14189758.30078, -9.15527
14194793.70117, -9.15527
14199829.10156, -4.57764
14204864.50195, -9.15527
14209899.90234, -10.68115
14214935.30273, -10.68115
14219970.70312, -10.68115
14225006.10352, -9.15527
14230041.50391, -6.10352
14235076.90430, -10.68115
14240112.30469, -7.62940
14245147.70508, -9.15527
14250183.10547, -7.62940
14255218.50586, -12.20703
14260253.90625, -7.62940
14265289.30664, -12.20703
14270324.70703, -7.62940
14275360.10742, -9.15527
14280395.50781, -9.15527
14285430.90820, -7.62940
14290466.30859, -12.20703
14295501.70898, -7.62940
14300537.10938, -12.20703
14305572.50977, -9.15527
14310607.91016, -15.25879
14315643.31055, -9.15527
14320678.71094, -16.78467
14325714.11133, -7.62940
14330749.51172, -9.15527
14335784.91211, -10.68115
14340820.31250, -9.15527
14345855.71289, -10.68115
14350891.11328, -6.10352
14355926.51367, -12.20703
14360961.91406, -7.62940
14365997.31445, -12.20703
14371032.71484, -12.20703
14376068.11523, -4.57764
14381103.51562, -12.20703
14386138.91602, -9.15527
14391174.31641, -10.68115
14396209.71680, -9.15527
14401245.11719, -10.68115
14406280.51758, -7.62940
14411315.91797, -4.57764
14416351.31836, -9.15527
14421386.71875, -10.68115
14426422.11914, -9.15527
14431457.51953, -12.20703
14436492.91992, -10.68115
14441528.32031, -10.68115
14446563.72070, -9.15527
14451599.12109, -12.20703
14456634.52148, -9.15527
14461669.92188, -9.15527
14466705.32227, -10.68115
14471740.72266, -13.73291
14476776.12305, -12.20703
14481811.52344, -12.20703
14486846.92383, -12.20703
14491882.32422, -13.73291
14496917.72461, -9.15527
14501953.12500, -9.15527
14506988.52539, -12.20703
14512023.92578, -13.73291
14517059.32617, -9.15527
14522094.72656, -7.62940
14527130.12695, -9.15527
14532165.52734, -4.57764
14537200.92773, -7.62940
14542236.32812, -13.73291
14547271.72852, -6.10352
14552307.12891, -9.15527
14557342.52930, -13.73291
14562377.92969, -6.10352
14567413.33008, -7.62940
14572448.73047, -9.15527
14577484.13086, -9.15527
14582519.53125, -12.20703
14587554.93164, -10.68115
14592590.33203, -9.15527
14597625.73242, -13.73291
14602661.13281, -7.62940
14607696.53320, -12.20703
14612731.93359, -13.73291
14617767.33398, -6.10352
14622802.73438, -9.15527
14627838.13477, -13.73291
14632873.53516, -10.68115
14637908.93555, -10.68115
14642944.33594, -13.73291
14647979.73633, -10.68115
14653015.13672, -12.20703
14658050.53711, -9.15527
14663085.93750, -10.68115
14668121.33789, -7.62940
14673156.73828, -6.10352
14678192.13867, -10.68115
14683227.53906, -10.68115
14688262.93945, -9.15527
14693298.33984, -10.68115
14698333.74023, -12.20703
14703369.14062, -6.10352
14708404.54102, -9.15527
14713439.94141, -12.20703
14718475.34180, -9.15527
14723510.74219, -9.15527
14728546.14258, -16.78467
14733581.54297, -6.10352
14738616.94336, -12.20703
14743652.34375, -9.15527
14748687.74414, -9.15527
14753723.14453, -10.68115
14758758.54492, -7.62940
14763793.94531, -7.62940
14768829.34570, -7.62940
14773864.74609, -7.62940
14778900.14648, -9.15527
14783935.54688, -12.20703
14788970.94727, -13.73291
14794006.34766, -6.10352
14799041.74805, -9.15527
14804077.14844, -7.62940
14809112.54883, -10.68115
14814147.94922, -9.15527
14819183.34961, -10.68115
14824218.75000, -9.15527
14829254.15039, -10.68115
14834289.55078, -10.68115
14839324.95117, -9.15527
14844360.35156, -6.10352
14849395.75195, -13.73291
14854431.15234, -9.15527
14859466.55273, -9.15527
14864501.95312, -4.57764
14869537.35352, -15.25879
14874572.75391, -9.15527
14879608.15430, -12.20703
14884643.55469, -4.57764
14889678.95508, -10.68115
14894714.35547, -12.20703
14899749.75586, -7.62940
14904785.15625, -12.20703
14909820.55664, -13.73291
14914855.95703, -9.15527
14919891.35742, -10.68115
14924926.75781, -12.20703
14929962.15820, -12.20703
14934997.55859, -9.15527
14940032.95898, -7.62940
14945068.35938, -13.73291
14950103.75977, -7.62940
14955139.16016, -13.73291
14960174.56055, -7.62940
14965209.96094, -4.57764
14970245.36133, -18.31055
14975280.76172, -6.10352
14980316.16211, -15.25879
14985351.56250, -7.62940
14990386.96289, -9.15527
14995422.36328, -13.73291
15000457.76367, -9.15527
15005493.16406, -9.15527
15010528.56445, -9.15527
15015563.96484, -10.68115
15020599.36523, -7.62940
15025634.76562, -6.10352
15030670.16602, -7.62940
15035705.56641, -10.68115
15040740.96680, -13.73291
15045776.36719, -6.10352
15050811.76758, -7.62940
15055847.16797, -13.73291
15060882.56836, -9.15527
15065917.96875, -7.62940
15070953.36914, -9.15527
15075988.76953, -15.25879
15081024.16992, -10.68115
15086059.57031, -10.68115
15091094.97070, -12.20703
15096130.37109, -10.68115
15101165.77148, -12.20703
15106201.17188, -6.10352
15111236.57227, -15.25879
15116271.97266, -15.25879
15121307.37305, -10.68115
15126342.77344, -1.52588
15131378.17383, -10.68115
15136413.57422, -13.73291
15141448.97461, -10.68115
15146484.37500, -6.10352
15151519.77539, -15.25879
15156555.17578, -13.73291
15161590.57617, -7.62940
15166625.97656, -7.62940
15171661.37695, -10.68115
15176696.77734, -12.20703
15181732.17773, -13.73291
15186767.57812, -7.62940
15191802.97852, -13.73291
15196838.37891, -13.73291
15201873.77930, -13.73291
15206909.17969, -16.78467
15211944.58008, -7.62940
15216979.98047, -7.62940
15222015.38086, -10.68115
15227050.78125, -7.62940
15232086.18164, -10.68115
15237121.58203, -12.20703
15242156.98242, -10.68115
15247192.38281, -10.68115
15252227.78320, -10.68115
15257263.18359, -15.25879
15262298.58398, -4.57764
15267333.98438, -10.68115
15272369.38477, -12.20703
15277404.78516, -15.25879
15282440.18555, -12.20703
15287475.58594, -6.10352
15292510.98633, -9.15527
15297546.38672, -10.68115
15302581.78711, -9.15527
15307617.18750, -10.68115
15312652.58789, -9.15527
15317687.98828, -6.10352
15322723.38867, -13.73291
15327758.78906, -12.20703
15332794.18945, -15.25879
15337829.58984, -9.15527
15342864.99023, -7.62940
15347900.39062, -7.62940
15352935.79102, -10.68115
15357971.19141, -9.15527
15363006.59180, -12.20703
15368041.99219, -12.20703
15373077.39258, -4.57764
15378112.79297, -13.73291
15383148.19336, -7.62940
15388183.59375, -12.20703
15393218.99414, -16.78467
15398254.39453, -13.73291
15403289.79492, -7.62940
15408325.19531, -9.15527
15413360.59570, -12.20703
15418395.99609, -10.68115
15423431.39648, -7.62940
15428466.79688, -7.62940
15433502.19727, -13.73291
15438537.59766, -13.73291
15443572.99805, -7.62940
15448608.39844, -10.68115
15453643.79883, -10.68115
15458679.19922, -12.20703
15463714.59961, -13.73291
15468750.00000, -10.68115
15473785.40039, -4.57764
15478820.80078, -10.68115
15483856.20117, -9.15527
15488891.60156, -12.20703
15493927.00195, -9.15527
15498962.40234, -9.15527
15503997.80273, -12.20703
15509033.20312, -10.68115
15514068.60352, -10.68115
15519104.00391, -10.68115
15524139.40430, -9.15527
15529174.80469, -7.62940
15534210.20508, -10.68115
15539245.60547, -9.15527
15544281.00586, -13.73291
15549316.40625, -10.68115
15554351.80664, -13.73291
15559387.20703, -12.20703
15564422.60742, -10.68115
15569458.00781, -4.57764
15574493.40820, -10.68115
15579528.80859, -12.20703
15584564.20898, -6.10352
15589599.60938, -10.68115
15594635.00977, -10.68115
15599670.41016, -9.15527
15604705.81055, -4.57764
15609741.21094, -12.20703
15614776.61133, -9.15527
15619812.01172, -15.25879
15624847.41211, -12.20703
15629882.81250, -9.15527
15634918.21289, -12.20703
15639953.61328, -10.68115
15644989.01367, -7.62940
15650024.41406, -9.15527
15655059.81445, -16.78467
15660095.21484, -9.15527
15665130.61523, -7.62940
15670166.01562, -10.68115
15675201.41602, -15.25879
15680236.81641, -6.10352
15685272.21680, -10.68115
15690307.61719, -10.68115
15695343.01758, -12.20703
15700378.41797, -9.15527
15705413.81836, -12.20703
15710449.21875, -10.68115
15715484.61914, -9.15527
15720520.01953, -15.25879
15725555.41992, -13.73291
15730590.82031, -10.68115
15735626.22070, -10.68115
15740661.62109, -12.20703
15745697.02148, -12.20703
15750732.42188, -7.62940
15755767.82227, -7.62940
15760803.22266, -13.73291
15765838.62305, -9.15527
15770874.02344, -9.15527
15775909.42383, -6.10352
15780944.82422, -9.15527
15785980.22461, -12.20703
15791015.62500, -6.10352
15796051.02539, -9.15527
15801086.42578, -3.05176
15806121.82617, -10.68115
15811157.22656, -13.73291
15816192.62695, -4.57764
15821228.02734, -9.15527
15826263.42773, -12.20703
15831298.82812, -3.05176
15836334.22852, -7.62940
15841369.62891, -16.78467
15846405.02930, -7.62940
15851440.42969, -9.15527
15856475.83008, -9.15527
15861511.23047, -12.20703
15866546.63086, -13.73291
15871582.03125, -9.15527
15876617.43164, -9.15527
15881652.83203, -7.62940
15886688.23242, -12.20703
15891723.63281, -10.68115
15896759.03320, -9.15527
15901794.43359, -9.15527
15906829.83398, -13.73291
15911865.23438, -9.15527
15916900.63477, -6.10352
15921936.03516, -10.68115
15926971.43555, -10.68115
15932006.83594, -7.62940
15937042.23633, -7.62940
15942077.63672, -9.15527
15947113.03711, -10.68115
15952148.43750, -10.68115
15957183.83789, -13.73291
15962219.23828, -7.62940
15967254.63867, -10.68115
15972290.03906, -9.15527
15977325.43945, -13.73291
15982360.83984, -9.15527
15987396.24023, -7.62940
15992431.64062, -10.68115
15997467.04102, -13.73291
16002502.44141, -12.20703
16007537.84180, -7.62940
16012573.24219, -12.20703
16017608.64258, -10.68115
16022644.04297, -12.20703
16027679.44336, -7.62940
16032714.84375, -13.73291
16037750.24414, -7.62940
16042785.64453, -9.15527
16047821.04492, -9.15527
16052856.44531, -9.15527
16057891.84570, -15.25879
16062927.24609, -12.20703
16067962.64648, -15.25879
16072998.04688, -13.73291
16078033.44727, -9.15527
16083068.84766, -10.68115
16088104.24805, -7.62940
16093139.64844, -7.62940
16098175.04883, -13.73291
16103210.44922, -7.62940
16108245.84961, -10.68115
16113281.25000, -6.10352
16118316.65039, -10.68115
16123352.05078, -9.15527
16128387.45117, -7.62940
16133422.85156, -12.20703
16138458.25195, -9.15527
16143493.65234, -13.73291
16148529.05273, -12.20703
16153564.45312, -3.05176
16158599.85352, -10.68115
16163635.25391, -12.20703
16168670.65430, -7.62940
16173706.05469, -7.62940
16178741.45508, -10.68115
16183776.85547, -9.15527
16188812.25586, -15.25879
16193847.65625, -10.68115
16198883.05664, -12.20703
16203918.45703, -10.68115
16208953.85742, -9.15527
16213989.25781, -7.62940
16219024.65820, -10.68115
16224060.05859, -12.20703
16229095.45898, -9.15527
16234130.85938, -12.20703
16239166.25977, -10.68115
16244201.66016, -10.68115
16249237.06055, -7.62940
16254272.46094, -7.62940
16259307.86133, -12.20703
16264343.26172, -9.15527
16269378.66211, -12.20703
16274414.06250, -9.15527
16279449.46289, -7.62940
16284484.86328, -9.15527
16289520.26367, -9.15527
16294555.66406, -9.15527
16299591.06445, -7.62940
16304626.46484, -7.62940
16309661.86523, -13.73291
16314697.26562, -9.15527
16319732.66602, -16.78467
16324768.06641, -10.68115
16329803.46680, -16.78467
16334838.86719, -6.10352
16339874.26758, -7.62940
16344909.66797, -7.62940
16349945.06836, -9.15527
16354980.46875, -7.62940
16360015.86914, -9.15527
16365051.26953, -15.25879
16370086.66992, -9.15527
16375122.07031, -9.15527
16380157.47070, -9.15527
16385192.87109, -12.20703
16390228.27148, -9.15527
16395263.67188, -9.15527
16400299.07227, -12.20703
16405334.47266, -7.62940
16410369.87305, -10.68115
16415405.27344, -9.15527
16420440.67383, -9.15527
16425476.07422, -7.62940
16430511.47461, -13.73291
16435546.87500, -9.15527
16440582.27539, -12.20703
16445617.67578, -6.10352
16450653.07617, -13.73291
16455688.47656, -13.73291
16460723.87695, -12.20703
16465759.27734, -9.15527
16470794.67773, -12.20703
16475830.07812, -9.15527
16480865.47852, -12.20703
16485900.87891, -9.15527
16490936.27930, -9.15527
16495971.67969, -3.05176
16501007.08008, -12.20703
16506042.48047, -7.62940
16511077.88086, -9.15527
16516113.28125, -7.62940
16521148.68164, -12.20703
16526184.08203, -9.15527
16531219.48242, -9.15527
16536254.88281, -9.15527
16541290.28320, -10.68115
16546325.68359, -9.15527
16551361.08398, -6.10352
16556396.48438, -9.15527
16561431.88477, -13.73291
16566467.28516, -10.68115
16571502.68555, -9.15527
16576538.08594, -13.73291
16581573.48633, -7.62940
16586608.88672, -13.73291
16591644.28711, -12.20703
16596679.68750, -7.62940
16601715.08789, -10.68115
16606750.48828, -9.15527
16611785.88867, -6.10352
16616821.28906, -10.68115
16621856.68945, -12.20703
16626892.08984, -12.20703
16631927.49023, -10.68115
16636962.89062, -7.62940
16641998.29102, -9.15527
16647033.69141, -12.20703
16652069.09180, -12.20703
16657104.49219, -4.57764
16662139.89258, -13.73291
16667175.29297, -7.62940
16672210.69336, -12.20703
16677246.09375, -10.68115
16682281.49414, -12.20703
16687316.89453, -10.68115
16692352.29492, -9.15527
16697387.69531, -12.20703
16702423.09570, -12.20703
16707458.49609, -10.68115
16712493.89648, -10.68115
16717529.29688, -9.15527
16722564.69727, -10.68115
16727600.09766, -10.68115
16732635.49805, -13.73291
16737670.89844, -3.05176
16742706.29883, -7.62940
16747741.69922, -10.68115
16752777.09961, -13.73291
16757812.50000, -6.10352
16762847.90039, -6.10352
16767883.30078, -10.68115
16772918.70117, -7.62940
16777954.10156, -13.73291
16782989.50195, -9.15527
16788024.90234, -7.62940
16793060.30273, -12.20703
16798095.70312, -9.15527
16803131.10352, -13.73291
16808166.50391, -12.20703
16813201.90430, -7.62940
16818237.30469, -9.15527
16823272.70508, -10.68115
16828308.10547, -7.62940
16833343.50586, -7.62940
16838378.90625, -9.15527
16843414.30664, -7.62940
16848449.70703, -12.20703
16853485.10742, -9.15527
16858520.50781, -7.62940
16863555.90820, -12.20703
16868591.30859, -10.68115
16873626.70898, -7.62940
16878662.10938, -4.57764
16883697.50977, -10.68115
16888732.91016, -12.20703
16893768.31055, -9.15527
16898803.71094, -12.20703
16903839.11133, -9.15527
16908874.51172, -9.15527
16913909.91211, -13.73291
16918945.31250, -7.62940
16923980.71289, -15.25879
16929016.11328, -6.10352
16934051.51367, -7.62940
16939086.91406, -7.62940
16944122.31445, -7.62940
16949157.71484, -9.15527
16954193.11523, -9.15527
16959228.51562, -10.68115
16964263.91602, -10.68115
16969299.31641, -7.62940
16974334.71680, -9.15527
16979370.11719, -10.68115
16984405.51758, -7.62940
16989440.91797, -13.73291
16994476.31836, -10.68115
16999511.71875, -12.20703
17004547.11914, -7.62940
17009582.51953, -9.15527
17014617.91992, -10.68115
17019653.32031, -9.15527
17024688.72070, -12.20703
17029724.12109, -7.62940
17034759.52148, -4.57764
17039794.92188, -12.20703
17044830.32227, -13.73291
17049865.72266, -13.73291
17054901.12305, -10.68115
17059936.52344, -9.15527
17064971.92383, -13.73291
17070007.32422, -10.68115
17075042.72461, -10.68115
17080078.12500, -12.20703
17085113.52539, -9.15527
17090148.92578, -12.20703
17095184.32617, -10.68115
17100219.72656, -15.25879
17105255.12695, -7.62940
17110290.52734, -9.15527
17115325.92773, -12.20703
17120361.32812, -10.68115
17125396.72852, -12.20703
17130432.12891, -13.73291
17135467.52930, -10.68115
17140502.92969, -3.05176
17145538.33008, -9.15527
17150573.73047, -9.15527
17155609.13086, -10.68115
17160644.53125, -7.62940
17165679.93164, -9.15527
17170715.33203, -6.10352
17175750.73242, -13.73291
17180786.13281, -6.10352
17185821.53320, -13.73291
17190856.93359, -9.15527
17195892.33398, -10.68115
17200927.73438, -7.62940
17205963.13477, -13.73291
17210998.53516, -10.68115
17216033.93555, -10.68115
17221069.33594, -12.20703
17226104.73633, -7.62940
17231140.13672, -9.15527
17236175.53711, -7.62940
17241210.93750, -10.68115
17246246.33789, -10.68115
17251281.73828, -7.62940
17256317.13867, -7.62940
17261352.53906, -12.20703
17266387.93945, -7.62940
17271423.33984, -9.15527
17276458.74023, -9.15527
17281494.14062, -12.20703
17286529.54102, -7.62940
17291564.94141, -7.62940
17296600.34180, -9.15527
17301635.74219, -13.73291
17306671.14258, -12.20703
17311706.54297, -10.68115
17316741.94336, -10.68115
17321777.34375, -9.15527
17326812.74414, -12.20703
17331848.14453, -6.10352
17336883.54492, -9.15527
17341918.94531, -7.62940
17346954.34570, -12.20703
17351989.74609, -7.62940
17357025.14648, -10.68115
17362060.54688, -10.68115
17367095.94727, -13.73291
17372131.34766, -10.68115
17377166.74805, -10.68115
17382202.14844, -10.68115
17387237.54883, -13.73291
17392272.94922, -10.68115
17397308.34961, -13.73291
17402343.75000, -9.15527
17407379.15039, -10.68115
17412414.55078, -9.15527
17417449.95117, -9.15527
17422485.35156, -9.15527
17427520.75195, -12.20703
17432556.15234, -12.20703
17437591.55273, -13.73291
17442626.95312, -7.62940
17447662.35352, -12.20703
17452697.75391, -9.15527
17457733.15430, -7.62940
17462768.55469, -10.68115
17467803.95508, -9.15527
17472839.35547, -7.62940
17477874.75586, -7.62940
17482910.15625, -13.73291
17487945.55664, -10.68115
17492980.95703, -12.20703
17498016.35742, -7.62940
17503051.75781, -18.31055
17508087.15820, -12.20703
17513122.55859, -7.62940
17518157.95898, -12.20703
17523193.35938, -6.10352
17528228.75977, -9.15527
17533264.16016, -9.15527
17538299.56055, -9.15527
17543334.96094, -12.20703
17548370.36133, -9.15527
17553405.76172, -6.10352
17558441.16211, -10.68115
17563476.56250, -7.62940
17568511.96289, -10.68115
17573547.36328, -9.15527
17578582.76367, -10.68115
17583618.16406, -10.68115
17588653.56445, -10.68115
17593688.96484, -4.57764
17598724.36523, -13.73291
17603759.76562, -10.68115
17608795.16602, -10.68115
17613830.56641, -4.57764
17618865.96680, -9.15527
17623901.36719, -15.25879
17628936.76758, -13.73291
17633972.16797, -10.68115
17639007.56836, -9.15527
17644042.96875, -9.15527
17649078.36914, -7.62940
17654113.76953, -9.15527
17659149.16992, -13.73291
17664184.57031, -9.15527
17669219.97070, -13.73291
17674255.37109, -12.20703
17679290.77148, -7.62940
17684326.17188, -12.20703
17689361.57227, -9.15527
17694396.97266, -7.62940
17699432.37305, -10.68115
17704467.77344, -9.15527
17709503.17383, -9.15527
17714538.57422, -12.20703
17719573.97461, -10.68115
17724609.37500, -9.15527
17729644.77539, -9.15527
17734680.17578, -7.62940
17739715.57617, -9.15527
17744750.97656, -6.10352
17749786.37695, -9.15527
17754821.77734, -7.62940
17759857.17773, -10.68115
17764892.57812, -9.15527
17769927.97852, -7.62940
17774963.37891, -12.20703
17779998.77930, -9.15527
17785034.17969, -9.15527
17790069.58008, -7.62940
17795104.98047, -9.15527
17800140.38086, -12.20703
17805175.78125, -10.68115
17810211.18164, -12.20703
17815246.58203, -9.15527
17820281.98242, -10.68115
17825317.38281, -10.68115
17830352.78320, -13.73291
17835388.18359, -13.73291
17840423.58398, -7.62940
17845458.98438, -10.68115
17850494.38477, -12.20703
17855529.78516, -9.15527
17860565.18555, -7.62940
17865600.58594, -10.68115
17870635.98633, -13.73291
17875671.38672, -13.73291
17880706.78711, -7.62940
17885742.18750, -9.15527
17890777.58789, -9.15527
17895812.98828, -9.15527
17900848.38867, -6.10352
17905883.78906, -6.10352
17910919.18945, -12.20703
17915954.58984, -9.15527
17920989.99023, -7.62940
17926025.39062, -10.68115
17931060.79102, -9.15527
17936096.19141, -7.62940
17941131.59180, -10.68115
17946166.99219, -12.20703
17951202.39258, -13.73291
17956237.79297, -10.68115
17961273.19336, -12.20703
17966308.59375, -12.20703
17971343.99414, -9.15527
17976379.39453, -15.25879
17981414.79492, -10.68115
17986450.19531, -7.62940
17991485.59570, -15.25879
17996520.99609, -12.20703
18001556.39648, -9.15527
18006591.79688, -6.10352
18011627.19727, -12.20703
18016662.59766, -12.20703
18021697.99805, -10.68115
18026733.39844, -6.10352
18031768.79883, -12.20703
18036804.19922, -9.15527
18041839.59961, -9.15527
18046875.00000, -10.68115
18051910.40039, -12.20703
18056945.80078, -10.68115
18061981.20117, -9.15527
18067016.60156, -7.62940
18072052.00195, -10.68115
18077087.40234, -13.73291
18082122.80273, -15.25879
18087158.20312, -13.73291
18092193.60352, -13.73291
18097229.00391, -6.10352
18102264.40430, -10.68115
18107299.80469, -12.20703
18112335.20508, -9.15527
18117370.60547, -9.15527
18122406.00586, -9.15527
18127441.40625, -12.20703
18132476.80664, -12.20703
18137512.20703, -10.68115
18142547.60742, -7.62940
18147583.00781, -9.15527
18152618.40820, -13.73291
18157653.80859, -9.15527
18162689.20898, -10.68115
18167724.60938, -6.10352
18172760.00977, -13.73291
18177795.41016, -9.15527
18182830.81055, -10.68115
18187866.21094, -4.57764
18192901.61133, -6.10352
18197937.01172, -9.15527
18202972.41211, -12.20703
18208007.81250, -7.62940
18213043.21289, -12.20703
18218078.61328, -9.15527
18223114.01367, -12.20703
18228149.41406, -7.62940
18233184.81445, -7.62940
18238220.21484, -9.15527
18243255.61523, -4.57764
18248291.01562, -10.68115
18253326.41602, -12.20703
18258361.81641, -12.20703
18263397.21680, -12.20703
18268432.61719, -13.73291
18273468.01758, -7.62940
18278503.41797, -6.10352
18283538.81836, -12.20703
18288574.21875, -10.68115
18293609.61914, -9.15527
18298645.01953, -6.10352
18303680.41992, -9.15527
18308715.82031, -7.62940
18313751.22070, -7.62940
18318786.62109, -13.73291
18323822.02148, -7.62940
18328857.42188, -10.68115
18333892.82227, -12.20703
18338928.22266, -10.68115
18343963.62305, -3.05176
18348999.02344, -12.20703
18354034.42383, -10.68115
18359069.82422, -6.10352
18364105.22461, -13.73291
18369140.62500, -7.62940
18374176.02539, -12.20703
18379211.42578, -10.68115
18384246.82617, -9.15527
18389282.22656, -12.20703
18394317.62695, -9.15527
18399353.02734, -9.15527
18404388.42773, -10.68115
18409423.82812, -7.62940
18414459.22852, -12.20703
18419494.62891, -12.20703
18424530.02930, -12.20703
18429565.42969, -10.68115
18434600.83008, -9.15527
18439636.23047, -9.15527
18444671.63086, -13.73291
18449707.03125, -13.73291
18454742.43164, -4.57764
18459777.83203, -9.15527
18464813.23242, -9.15527
18469848.63281, -9.15527
18474884.03320, -6.10352
18479919.43359, -6.10352
18484954.83398, -7.62940
18489990.23438, -9.15527
18495025.63477, -10.68115
18500061.03516, -10.68115
18505096.43555, -6.10352
18510131.83594, -12.20703
18515167.23633, -9.15527
18520202.63672, -9.15527
18525238.03711, -9.15527
18530273.43750, -4.57764
18535308.83789, -12.20703
18540344.23828, -7.62940
18545379.63867, -12.20703
18550415.03906, -6.10352
18555450.43945, -9.15527
18560485.83984, -9.15527
18565521.24023, -10.68115
18570556.64062, -12.20703
18575592.04102, -15.25879
18580627.44141, -9.15527
18585662.84180, -12.20703
18590698.24219, -9.15527
18595733.64258, -1.52588
18600769.04297, -10.68115
18605804.44336, -15.25879
18610839.84375, -13.73291
18615875.24414, -15.25879
18620910.64453, -9.15527
18625946.04492, -6.10352
18630981.44531, -9.15527
18636016.84570, -9.15527
18641052.24609, -10.68115
18646087.64648, -12.20703
18651123.04688, -9.15527
18656158.44727, -12.20703
18661193.84766, -12.20703
18666229.24805, -10.68115
18671264.64844, -12.20703
18676300.04883, -9.15527
18681335.44922, -10.68115
18686370.84961, -9.15527
18691406.25000, -9.15527
18696441.65039, -7.62940
18701477.05078, -9.15527
18706512.45117, -7.62940
18711547.85156, -10.68115
18716583.25195, -6.10352
18721618.65234, -12.20703
18726654.05273, -7.62940
18731689.45312, -6.10352
18736724.85352, -12.20703
18741760.25391, -10.68115
18746795.65430, -9.15527
18751831.05469, -3.05176
18756866.45508, -13.73291
18761901.85547, -13.73291
18766937.25586, -12.20703
18771972.65625, -10.68115
18777008.05664, -10.68115
18782043.45703, -13.73291
18787078.85742, -9.15527
18792114.25781, -12.20703
18797149.65820, -9.15527
18802185.05859, -10.68115
18807220.45898, -9.15527
18812255.85938, -9.15527
18817291.25977, -15.25879
18822326.66016, -9.15527
18827362.06055, -12.20703
18832397.46094, -12.20703
18837432.86133, -13.73291
18842468.26172, -10.68115
18847503.66211, -9.15527
18852539.06250, -6.10352
18857574.46289, -10.68115
18862609.86328, -10.68115
18867645.26367, -10.68115
18872680.66406, -13.73291
18877716.06445, -13.73291
18882751.46484, -7.62940
18887786.86523, -9.15527
18892822.26562, -12.20703
18897857.66602, -6.10352
18902893.06641, -16.78467
18907928.46680, -6.10352
18912963.86719, -13.73291
18917999.26758, -13.73291
18923034.66797, -9.15527
18928070.06836, -12.20703
18933105.46875, -9.15527
18938140.86914, -12.20703
18943176.26953, -9.15527
18948211.66992, -10.68115
18953247.07031, -10.68115
18958282.47070, -12.20703
18963317.87109, -12.20703
18968353.27148, -10.68115
18973388.67188, -9.15527
18978424.07227, -12.20703
18983459.47266, -10.68115
18988494.87305, -12.20703
18993530.27344, -6.10352
18998565.67383, -12.20703
19003601.07422, -10.68115
19008636.47461, -10.68115
19013671.87500, -10.68115
19018707.27539, -9.15527
19023742.67578, -9.15527
19028778.07617, -9.15527
19033813.47656, -7.62940
19038848.87695, -13.73291
19043884.27734, -12.20703
19048919.67773, -13.73291
19053955.07812, -9.15527
19058990.47852, -9.15527
19064025.87891, -12.20703
19069061.27930, -9.15527
19074096.67969, -4.57764
19079132.08008, -7.62940
19084167.48047, -15.25879
19089202.88086, -10.68115
19094238.28125, -7.62940
19099273.68164, -6.10352
19104309.08203, -6.10352
19109344.48242, -12.20703
19114379.88281, -10.68115
19119415.28320, -12.20703
19124450.68359, -10.68115
19129486.08398, -7.62940
19134521.48438, -9.15527
19139556.88477, -12.20703
19144592.28516, -10.68115
19149627.68555, -10.68115
19154663.08594, -10.68115
19159698.48633, -7.62940
19164733.88672, -7.62940
19169769.28711, -10.68115
19174804.68750, -10.68115
19179840.08789, -9.15527
19184875.48828, -6.10352
19189910.88867, -7.62940
19194946.28906, -9.15527
19199981.68945, -10.68115
19205017.08984, -12.20703
19210052.49023, -7.62940
19215087.89062, -9.15527
19220123.29102, -9.15527
19225158.69141, -9.15527
19230194.09180, -10.68115
19235229.49219, -12.20703
19240264.89258, -10.68115
19245300.29297, -9.15527
19250335.69336, -10.68115
19255371.09375, -9.15527
19260406.49414, -9.15527
19265441.89453, -13.73291
19270477.29492, -10.68115
19275512.69531, -13.73291
19280548.09570, -10.68115
19285583.49609, -7.62940
19290618.89648, -13.73291
19295654.29688, -10.68115
19300689.69727, -10.68115
19305725.09766, -9.15527
19310760.49805, -10.68115
19315795.89844, -9.15527
19320831.29883, -15.25879
19325866.69922, -13.73291
19330902.09961, -9.15527
19335937.50000, -12.20703
19340972.90039, -15.25879
19346008.30078, -12.20703
19351043.70117, -10.68115
19356079.10156, -7.62940
19361114.50195, -9.15527
19366149.90234, -9.15527
19371185.30273, -9.15527
19376220.70312, -6.10352
19381256.10352, -9.15527
19386291.50391, -9.15527
19391326.90430, -10.68115
19396362.30469, -7.62940
19401397.70508, -7.62940
19406433.10547, -10.68115
19411468.50586, -6.10352
19416503.90625, -13.73291
19421539.30664, -12.20703
19426574.70703, -9.15527
19431610.10742, -9.15527
19436645.50781, -9.15527
19441680.90820, -15.25879
19446716.30859, -12.20703
19451751.70898, -9.15527
19456787.10938, -10.68115
19461822.50977, -10.68115
19466857.91016, -15.25879
19471893.31055, -7.62940
19476928.71094, -7.62940
19481964.11133, -12.20703
19486999.51172, -10.68115
19492034.91211, -13.73291
19497070.31250, -12.20703
19502105.71289, -10.68115
19507141.11328, -10.68115
19512176.51367, -13.73291
19517211.91406, -12.20703
19522247.31445, -7.62940
19527282.71484, -10.68115
19532318.11523, -10.68115
19537353.51562, -6.10352
19542388.91602, -9.15527
19547424.31641, -13.73291
19552459.71680, -9.15527
19557495.11719, -9.15527
19562530.51758, -9.15527
19567565.91797, -9.15527
19572601.31836, -9.15527
19577636.71875, -9.15527
19582672.11914, -7.62940
19587707.51953, -12.20703
19592742.91992, -4.57764
19597778.32031, -10.68115
19602813.72070, -10.68115
19607849.12109, -10.68115
19612884.52148, -7.62940
19617919.92188, -6.10352
19622955.32227, -10.68115
19627990.72266, -12.20703
19633026.12305, -6.10352
19638061.52344, -9.15527
19643096.92383, -10.68115
19648132.32422, -15.25879
19653167.72461, -6.10352
19658203.12500, -10.68115
19663238.52539, -7.62940
19668273.92578, -9.15527
19673309.32617, -9.15527
19678344.72656, -3.05176
19683380.12695, -12.20703
19688415.52734, -12.20703
19693450.92773, -13.73291
19698486.32812, -6.10352
19703521.72852, -9.15527
19708557.12891, -6.10352
19713592.52930, -7.62940
19718627.92969, -6.10352
19723663.33008, -10.68115
19728698.73047, -7.62940
19733734.13086, -9.15527
19738769.53125, -7.62940
19743804.93164, -10.68115
19748840.33203, -10.68115
19753875.73242, -10.68115
19758911.13281, -15.25879
19763946.53320, -12.20703
19768981.93359, -10.68115
19774017.33398, -13.73291
19779052.73438, -9.15527
19784088.13477, -9.15527
19789123.53516, -9.15527
19794158.93555, -9.15527
19799194.33594, -7.62940
19804229.73633, -12.20703
19809265.13672, -7.62940
19814300.53711, -12.20703
19819335.93750, -10.68115
19824371.33789, -6.10352
19829406.73828, -7.62940
19834442.13867, -7.62940
19839477.53906, -10.68115
19844512.93945, -12.20703
19849548.33984, -12.20703
19854583.74023, -12.20703
19859619.14062, -10.68115
19864654.54102, -6.10352
19869689.94141, -12.20703
19874725.34180, -6.10352
19879760.74219, -9.15527
19884796.14258, -10.68115
19889831.54297, -13.73291
19894866.94336, -10.68115
19899902.34375, -7.62940
19904937.74414, -9.15527
19909973.14453, -13.73291
19915008.54492, -9.15527
19920043.94531, -10.68115
19925079.34570, -7.62940
19930114.74609, -6.10352
19935150.14648, -9.15527
19940185.54688, -10.68115
19945220.94727, -6.10352
19950256.34766, -10.68115
19955291.74805, -10.68115
19960327.14844, -9.15527
19965362.54883, -6.10352
19970397.94922, -6.10352
19975433.34961, -9.15527
19980468.75000, -7.62940
19985504.15039, -12.20703
19990539.55078, -9.15527
19995574.95117, -9.15527
